ID,DPB1:01:01,DPB1:02:01,DPB1:04:01,DPB1:04:02,DPB1:05:01,DPB1:14:01,DQB1:02:01,DQB1:03:01,DQB1:03:02,DQB1:04:01,DQB1:05:01,DQB1:06:02,DRB1:01:01,DRB1:03:01,DRB1:04:01,DRB1:04:05,DRB1:07:01,DRB1:08:02,DRB1:09:01,DRB1:11:01,DRB1:12:01,DRB1:13:02,DRB1:15:01,DRB3:01:01,DRB3:02:02,DRB4:01:01,DRB5:01:01
p1,644,298,6351,1551,29010,50000,692,13666,2572,813,1724,7123,35325,29266,2892,4076,5478,50000,5474,15999,21415,13902,5919,8210,13570,50000,50000
p2,9262,3058,8489,467,50000,50000,3545,28749,436,1949,31509,5785,24384,50000,1878,4422,50000,50000,34064,50000,24758,23139,16080,9346,11342,50000,50000
p3,370,12,442,414,17604,12414,812,8,2393,621,497,187,57,50000,1239,3623,1116,114,576,650,34,921,15,19472,18584,5144,4703
p4,863,143,898,2691,10560,249,5339,18,6106,9384,11,23911,251,50000,14156,6502,1045,13510,2602,895,958,4977,854,30928,14684,9268,44
p5,24280,24793,4814,50000,50000,8469,15650,642,38482,50000,1317,50000,29727,50000,50000,50000,50000,50000,50000,9372,17370,20341,33956,50000,28599,50000,16381
p6,50000,13063,50000,7570,50000,16827,2874,7188,12847,17181,50000,50000,5945,14209,50000,6542,34061,50000,23326,25589,17012,26488,33298,15076,28990,35299,50000
p7,4517,359,868,2159,35020,20003,1054,1949,10614,19947,657,23863,2791,21791,50000,22315,1060,50000,2381,326,29730,11380,584,9435,50000,50000,8329
p8,33157,1215,7236,3026,50000,37468,14437,1804,18421,23019,426,31465,103,25982,6060,1380,1330,50000,38,4628,14561,50000,12967,4670,40429,50000,7486
p9,50000,50000,7680,11211,50000,50000,50000,168,36380,50000,50000,50000,7060,50000,50000,36787,33740,9691,6077,36599,38528,50000,15195,50000,50000,50000,50000
p10,50000,50000,50000,25923,43008,44847,50000,78,15054,33424,30437,50000,22653,50000,50000,15454,39971,21574,28435,9367,12655,35176,50000,50000,33592,50000,25796
p11,50000,50000,50000,50000,50000,50000,22149,416,29398,50000,50000,50000,50000,50000,50000,50000,50000,50000,50000,50000,50000,50000,50000,50000,50000,50000,50000
p12,50000,41791,50000,5468,50000,26207,50000,420,3324,2055,5692,730,33930,50000,50000,50000,50000,50000,50000,42708,50000,50000,28029,86,50000,50000,5784
p13,36754,50000,30550,18305,50000,30910,50000,1630,28248,36785,11124,21647,17483,19122,1559,6185,17841,50000,50000,5771,25344,50000,38737,705,2124,25934,11088
p14,22629,29986,30303,19153,50000,50000,40772,3483,36733,50000,44125,50000,5342,50000,6924,13068,50000,50000,7891,4814,9835,50000,1207,2095,10794,50000,33871
p15,50000,36498,13216,14985,50000,50000,26489,724,33512,50000,4041,50000,208,50000,8115,7822,2446,26962,1043,33261,2060,50000,3284,4317,40344,7390,16669
p16,50000,50000,34965,50000,50000,43762,50000,3273,50000,50000,50000,34483,6584,50000,18422,39794,40223,50000,2974,50000,8606,50000,3590,8686,50000,11116,50000
p17,50000,50000,50000,50000,50000,38897,24261,877,26092,50000,50000,25994,2728,17008,40222,50000,26978,50000,80,1635,50000,12727,26604,45725,50000,50000,50000
p18,50000,36499,12500,50000,50000,50000,28460,462,25538,50000,50000,13120,503,38105,17449,19828,14284,50000,1212,9535,50000,50000,50000,34335,50000,50000,4312
p19,50000,50000,16112,50000,50000,50000,42200,2992,18586,50000,50000,7628,6676,50000,32533,1094,20037,50000,16798,1098,50000,50000,50000,8834,18611,37020,11985
p20,50000,50000,34562,50000,50000,50000,11112,1948,16296,19484,50000,20118,16237,28395,26597,21216,3432,18948,50000,1220,50000,50000,50000,50000,28860,4333,50000
p21,9654,4603,6576,12485,50000,50000,14446,157,16833,40436,50000,50000,5973,50000,3413,6115,16170,50000,13143,50000,50000,8600,50000,11829,50000,50000,50000
p22,31126,50000,50000,27329,50000,24964,424,268,1074,1259,1425,5208,26838,50000,7939,5195,26325,36513,50000,50000,38783,5828,50000,1615,10324,10171,50000
p23,17509,37666,50000,50000,50000,50000,756,17030,12501,4394,1295,8522,26610,5338,21208,432,50000,3870,29089,50000,35282,848,50000,3848,50000,50000,50000
p24,7266,787,50000,17230,14545,36348,11726,7881,3937,3334,23097,4277,12260,44230,538,2611,2956,5540,30787,5640,18987,1073,4407,845,42201,193,1876
p25,4747,4679,9536,4464,50000,50000,18311,67,7067,50000,2024,50000,23095,50000,50000,17084,15570,21033,118,288,48,2447,39,10,4199,1639,828
p26,12202,3184,322,7663,50000,39026,50000,11,6078,26748,50000,2268,50000,50000,50000,9458,25745,50000,35,2006,523,3738,1104,610,10099,31849,4271
p27,16633,3858,15480,20453,50000,50000,23679,86,10853,27381,50000,318,395,50000,7030,14233,22392,50000,179,155,3501,7270,7816,28718,1350,10169,419
p28,6443,5744,50000,8915,24795,16190,16292,1344,19971,22700,50000,13243,1184,6928,24088,38717,11321,12310,8137,6585,1336,1465,5482,5833,3683,41659,1166
p29,1818,1702,1937,5865,29863,11848,541,2585,1921,3790,50000,7061,13360,38061,50000,33376,6103,50000,1161,50000,15568,1995,15582,38256,50000,14956,45623
p30,546,312,630,557,17,3802,1699,1097,12432,40985,33393,2142,4758,3485,2241,3240,16692,3492,526,1445,413,4082,3632,827,36591,1022,331
p31,1759,1053,3117,5598,444,50000,21893,3067,29830,50000,7355,11806,14816,6615,11645,50000,11353,28608,6394,444,1011,1105,90,2195,34021,1727,1009
p32,27234,37491,28463,43866,28821,28144,21786,4220,34941,50000,50000,50000,50000,25585,50000,15991,24180,18474,5873,2119,25076,6783,3534,10716,41248,24851,1212
p33,8982,22950,12458,22421,14358,8649,20591,679,2443,5255,50000,50000,10414,29280,1693,7519,459,50000,4512,6168,44794,26568,5362,1388,50000,7468,12352
p34,9678,3652,25862,10499,5162,40006,50000,3231,12804,50000,50000,36645,13197,50000,5721,19276,19214,2733,3964,1175,5322,23108,12201,13234,50000,21144,33821
p35,6267,936,8656,18947,3427,5135,24276,64,8730,29838,50000,6022,366,50000,3421,4949,6578,7825,865,9036,14573,185,3536,22155,12733,50000,9700
p36,505,357,2906,610,598,1752,6459,793,18179,9676,50000,2730,65,11587,5181,171,738,1193,12,104,109,2755,96,1405,18046,9258,2160
p37,21189,18884,8696,4232,30299,11746,4762,5003,22776,14851,50000,4779,55,32750,9385,4123,13198,7359,199,243,484,12681,340,7151,24367,27565,23685
p38,50000,50000,50000,50000,50000,10732,2711,253,2910,4335,6763,4279,1476,8172,413,22915,32876,8313,1546,50000,34087,306,10766,984,9372,50000,50000
p39,12268,50000,50000,34973,50000,7138,16856,236,1551,1689,50000,15595,10830,978,30788,8241,50000,22262,50000,2856,50000,6466,7669,42676,43033,39976,13073
p40,4976,5169,50000,13112,3178,4844,50000,3376,21048,30149,39320,50000,19661,1283,31778,32939,33691,18193,50000,390,7075,21264,6674,25396,35991,10279,366
p41,4471,33711,23923,12498,5186,12369,50000,8459,32834,38467,50000,33113,7572,42447,8047,14036,50000,28873,50000,8006,31036,10901,13835,50000,50000,5336,11629
p42,5363,110,186,12676,28109,41877,10696,4050,26036,33959,6562,814,1071,50000,4172,10354,4718,4189,89,1338,2083,652,355,6970,50000,6921,7719
p43,12378,1986,3978,30776,17962,33044,356,476,2015,1451,778,762,1492,7988,1391,1904,2957,1358,878,177,5259,1837,321,194,28749,2619,1459
p44,6258,21915,24155,33381,50000,6059,1201,1022,11387,12854,260,13007,593,169,770,268,905,96,113,536,629,50,704,20,549,104,273
p45,31906,23745,34642,29689,50000,4478,12999,4847,20945,22968,50000,50000,323,5204,838,6875,8523,8729,949,25484,6829,2441,8756,1756,7181,29822,27495
p46,17036,12620,31056,3389,50000,12884,6293,4989,17903,50000,50000,7135,1842,50000,8542,7116,36184,37646,627,50000,29709,2156,15326,28465,16050,50000,50000
p47,9777,7187,12039,25989,31056,37445,29681,905,4100,6736,22297,8566,2975,50000,897,18219,8626,24341,387,15634,13318,4180,4611,6874,30829,18194,621
p48,18889,35672,11710,30115,50000,50000,5055,821,887,1097,50000,15733,9942,30401,33405,14738,10932,50000,21563,26073,11400,29026,27697,50000,42966,8598,23130
p49,50000,50000,50000,50000,50000,19287,2996,5602,3336,7458,6127,10045,18865,50000,43810,50000,32175,14694,50000,50000,15456,1514,6199,11204,35498,39916,28665
p50,15512,7768,22321,21242,50000,50000,635,595,4826,12272,50000,50000,3020,7505,7744,15137,50000,11808,12561,5069,624,5878,21051,965,9447,5523,21688
p51,15967,50000,25295,13154,50000,50000,16619,1701,7306,14996,811,14015,3570,14772,908,796,26002,35147,3092,10098,7139,50000,50000,1585,7166,50000,13278
p52,6251,4521,463,634,50000,36871,13211,1416,10855,16507,1052,57,529,40278,1757,5131,531,1608,120,9188,8169,50000,1301,10578,10631,20469,16006
p53,3933,2176,1095,347,22166,8816,919,195,5137,1246,4660,8,57,21833,737,260,4174,55,58,348,348,4727,2208,5514,4855,6179,5757
p54,5277,123,4683,2684,50000,16696,475,442,1969,1107,1004,78,1123,40750,11471,50000,22941,5217,1115,5995,108,50000,10273,50000,50000,50000,8578
p55,2481,361,272,810,4748,8468,1401,54,5796,7577,562,803,599,50000,3468,5894,745,14618,18,7178,290,3031,808,4707,33616,50000,88
p56,6926,14727,8547,7431,50000,50000,14992,11,12166,50000,5541,5828,4043,38054,21390,7301,5975,43759,789,1226,2925,17103,14547,5882,50000,10460,5285
p57,3825,680,7440,28566,597,6910,27555,735,6176,29011,10591,4516,4510,50000,903,646,18958,1256,3087,3841,17998,34720,20031,9106,50000,7216,14281
p58,8096,5670,6893,3340,7743,30046,38643,1796,26048,50000,28075,3193,2024,16157,8171,12573,20111,11707,6993,726,10005,1073,5574,14310,36290,35195,374
p59,675,4716,3016,534,675,3455,28442,511,2006,20701,50000,3561,2913,50000,15486,4599,9964,9181,757,975,1185,7452,948,9376,13278,10680,5135
p60,621,1414,6078,521,1916,2736,3590,30030,3490,3740,50000,42387,3518,23935,1176,8825,38546,9579,12411,46,1043,9935,337,1893,8667,527,7571
p61,300,1033,553,97,10395,2137,429,397,235,1011,50000,1651,1647,5817,834,3514,5283,13659,12402,4721,18458,50000,5010,93,50000,12242,50000
p62,8543,6151,2042,5067,50000,39024,3564,11139,325,1210,50000,1018,17651,19087,14562,50000,50000,50000,10926,30028,30943,50000,24875,2536,50000,11457,50000
p63,15866,38393,27223,36907,50000,50000,18621,7585,4708,8625,31608,2853,2757,30717,2021,12560,50000,50000,2179,50000,50000,50000,8099,7644,50000,50000,34436
p64,29722,33635,50000,22475,50000,50000,16310,356,986,3966,50000,17819,3703,50000,1104,7129,8638,50000,8354,654,50000,29212,50000,50000,50000,9057,6068
p65,50000,50000,50000,50000,50000,50000,28394,950,1040,4628,50000,2654,2071,50000,1021,19203,1466,50000,868,217,42983,50000,43041,50000,50000,5444,12667
p66,9055,24118,24631,28753,46512,50000,4258,4442,601,439,20079,5132,16750,14934,25062,5928,42159,50000,50000,31672,21324,50000,50000,1073,50000,50000,3739
p67,87,91,313,105,229,27704,555,283,711,842,906,5957,1386,60,54,2072,474,8900,2211,987,1531,9806,4660,19,314,15177,5980
p68,88,884,6170,317,3503,21986,4546,5864,6458,16305,10093,15892,47,1468,1188,708,8089,19167,1281,5911,5230,30270,12673,658,7829,3866,904
p69,357,284,1043,2226,3054,22208,4325,3850,5899,9533,17104,9046,21,35841,201,434,6130,3388,81,496,725,11398,11798,1687,27347,867,257
p70,2044,3916,2768,997,3597,41194,21418,7623,4787,8503,14328,18692,15,12047,27,1533,7888,12218,656,393,1098,50000,9968,859,565,4628,48
p71,7041,13600,9102,8411,50000,50000,4964,10306,3918,7008,933,50000,211,573,634,8408,18892,438,4670,9085,35548,28094,21287,3922,7972,1335,849
p72,2672,1768,31056,2172,509,20978,7735,11887,2299,2896,32200,50000,840,107,1152,26678,206,50000,13217,782,14771,4768,37487,3205,40169,10025,5646
p73,7059,4038,8757,10342,8682,1251,2410,437,2781,6765,50000,50000,485,5476,301,4435,329,6163,666,8062,4021,14506,12178,19723,11794,50000,6403
p74,2135,1652,4817,36765,25465,2230,1595,303,126,265,50000,17158,230,50000,523,1231,511,39917,736,8713,11677,40709,50000,14821,5379,50000,4349
p75,1464,3439,8060,7950,932,1345,11733,1283,4653,7014,34171,267,656,50000,937,5852,638,386,1453,759,8498,20202,9261,35953,18036,4644,689
p76,13250,50000,26502,43672,18661,28987,32740,549,27014,36185,50000,15152,1914,2556,1153,50000,1723,8272,11569,8054,21583,6101,35939,224,30832,23097,21
p77,830,4357,9152,8104,1546,20662,40610,29433,50000,50000,50000,50000,5325,14,2066,7783,5731,6725,12176,574,3705,752,13341,1995,4916,2944,205
p78,3859,3072,6005,5507,26808,3247,15199,47,3934,7285,50000,5117,5787,11,5729,4877,72,3086,1829,78,3833,961,1277,13382,31367,658,2079
p79,3051,50000,20492,13582,14977,7858,1197,346,166,626,50000,6762,1846,4774,3160,323,244,21377,5597,1289,7816,5938,12464,6476,22046,2066,5738
p80,555,2415,12931,2221,6686,5431,1392,2870,114,783,28491,815,1660,2166,2728,7565,3000,15866,17401,2105,6646,5052,13825,8327,11537,683,7195
p81,3896,5580,39894,50000,5792,29649,5095,10708,2444,3380,24317,13667,5668,32192,7707,8151,1235,50000,3173,7903,21205,50000,30736,50000,50000,644,23658
p82,14714,17479,10676,25739,17890,50000,50000,32514,13672,24390,50000,2545,12588,50000,23102,36115,17142,50000,13552,1453,50000,50000,50000,50000,50000,10912,16113
p83,23391,50000,9464,50000,32768,50000,33377,2725,13586,50000,50000,38366,4324,50000,50000,27637,9448,50000,4718,257,50000,50000,50000,50000,50000,34172,50000
p84,40305,41280,29126,50000,22174,37876,50000,433,12981,50000,50000,27903,22522,50000,50000,50000,3597,28584,9170,22516,50000,26053,50000,50000,50000,1072,7861
p85,1081,1216,3037,5397,11069,2600,2997,9,699,1123,50000,187,702,3683,859,25989,76,4712,886,409,922,59,5342,15794,1127,935,1154
p86,287,2173,4332,172,1398,6409,27183,752,26667,21109,50000,5689,602,27316,111,609,290,10063,630,8709,670,570,164,4315,1403,9718,648
p87,934,15956,7099,1469,21102,17314,24918,5546,50000,50000,50000,9213,728,50000,3291,1746,4367,36539,100,49,787,6389,943,18638,21830,10572,373
p88,9240,20757,12315,6915,50000,6032,21812,1160,50000,50000,50000,13064,209,27434,4327,2301,191,24013,149,81,1423,4279,1273,9678,2124,50000,39
p89,4070,2795,2553,12136,26268,50000,1443,1176,4035,4667,25,11141,3550,4267,18022,5484,3028,34324,2241,4389,22113,1259,8957,3746,21888,3200,4522
p90,1517,219,1473,4894,16581,15358,2748,4622,2772,1940,846,7382,152,1949,62,84,51,132,718,136,1271,1002,24810,839,6805,2794,364
p91,1810,1386,5523,2549,526,504,23468,618,12805,34723,9806,17958,617,22678,1128,4163,69,1824,866,642,755,2753,682,9347,17156,2364,85
p92,6464,25083,26786,7114,4345,1513,35045,70,22441,34533,12673,16945,290,8793,105,909,116,15121,138,778,2108,23111,6452,3911,9612,23547,171
p93,8446,3341,33333,1312,5550,7763,31185,2249,292,740,30042,505,2841,30585,1155,12252,1605,18188,36465,7973,31301,960,4228,2549,9922,5970,1932
p94,5288,995,4826,4288,50000,50000,24778,3261,341,661,996,205,1226,50000,5190,6995,5532,4606,616,30137,23608,6235,1489,3192,14029,44775,11578
p95,588,502,3363,627,50000,38764,6652,67,874,4382,24001,822,21,671,34,280,39,81,95,274,1382,488,41,425,505,1753,147
p96,869,74,45,3005,1567,50000,1177,19,2261,6053,50000,2921,9939,50000,1648,3814,181,8260,608,5524,797,8169,5596,2420,22977,41338,9154
p97,7106,340,309,4926,39467,34637,8264,95,10754,13370,14538,23002,8,12521,92,964,723,377,253,330,3303,34503,124,20496,122,11808,792
p98,1104,139,159,5789,1080,11850,6667,35980,26811,50000,22348,16499,371,26726,30861,14353,33071,6654,3598,15241,1873,8531,1676,43948,50000,18442,1992
p99,27,58,33,256,499,6707,2804,1283,3009,4452,33791,30140,131,50000,13186,8064,1296,13157,721,910,4596,3926,4931,674,33520,222,3593
p100,237,712,754,626,174,1511,1428,333,3132,5711,772,3266,5,186,2944,6532,216,7096,82,643,133,114,290,1321,529,1700,366
p101,867,6755,10338,1087,1830,3580,17648,4360,13563,50000,28463,9070,176,8711,1864,952,364,908,202,783,532,4309,5418,28318,7093,2993,1059
p102,2150,4221,18315,6704,7344,5214,10302,13,4221,28263,23130,157,3,247,8,133,5,16,7,33,57,343,888,390,13,15,31
p103,3488,6518,34169,8085,50000,8413,2016,125,23446,50000,50000,3668,509,15538,460,6652,357,674,553,2867,1377,10252,823,5715,1686,33,3238
p104,1503,4793,7626,876,302,24583,4603,236,40720,31043,50000,159,1654,146,2831,1103,802,757,740,1015,2056,1072,2057,12976,6113,97,2085
p105,7029,770,5568,50000,23949,50000,35538,7850,41509,40915,50000,6440,12523,3912,2540,1566,2172,3133,2027,377,4192,198,5378,7707,3011,1269,8506
p106,33699,50000,50000,13170,50000,1788,9663,16876,32798,33120,50000,25857,1308,15517,11992,852,762,743,6425,12892,6438,622,10208,61,13306,10181,5120
p107,17696,26768,50000,5435,22534,1157,1962,5197,36813,50000,50000,5275,4440,37495,7495,602,393,1193,2538,5802,554,10326,3719,783,13845,755,3402
p108,193,1229,7198,292,7501,39,6675,1149,29713,50000,21251,10009,2,2870,6728,25,1,5,6,7,47,3,136,149,10,17,33
p109,6538,16402,20776,1130,50000,1855,3756,153,14130,8491,50000,120,7,15274,162,685,4,85,293,303,63,33,656,5882,577,125,651
p110,26918,17389,22901,7154,50000,13,19744,114,10138,14709,50000,736,179,1710,1741,8300,101,674,161,1045,628,773,1547,2619,6621,2715,87
p111,50000,50000,50000,50000,14030,763,50000,2806,50000,50000,50000,4972,3948,17826,10737,10405,193,4788,2373,104,563,767,641,9816,3148,13835,1075
p112,31794,6456,25381,19950,9029,993,21863,2406,41844,50000,50000,833,4682,50000,4539,2348,882,1659,2361,212,2440,1173,1349,337,1894,2350,797
p113,25708,12317,50000,50000,50000,50000,7361,765,9372,10215,5477,6112,4241,34432,22462,1766,2598,8109,2750,659,410,715,6039,3116,12837,1820,2017
p114,10032,8404,5386,1132,50000,9689,8089,658,30160,50000,50000,13820,1080,6772,1116,1354,10581,261,1832,1643,3826,50000,2059,4593,50000,9840,937
p115,4575,1397,738,7176,4946,24013,987,4125,2359,1392,5925,14628,304,50000,11321,4070,7788,30432,319,327,2285,13397,5693,50000,32051,5328,4710
p116,202,14,14,2744,226,287,432,758,2878,3145,33785,7086,45,20259,496,395,271,1856,26,278,405,6229,4392,142,1623,2759,371
p117,106,595,171,14,1076,6216,1288,2798,5422,6510,50000,12624,593,3894,93,936,1630,1292,1583,4963,765,7209,14797,703,4967,1319,252
p118,2963,1937,1296,58,636,5027,1506,2251,909,957,7893,362,48,220,810,1410,790,5184,755,35,91,40,1587,242,191,167,72
p119,8355,8098,7760,3651,9297,273,8744,698,14389,31877,3259,1558,98,189,2068,6492,167,330,121,974,207,256,789,5743,2259,78,744
p120,17059,10109,6198,50000,42232,50000,8009,34,927,1038,113,3678,24,42,969,5028,904,2698,116,499,6638,1687,507,960,6448,98,863
p121,3173,1083,13158,24273,46298,15196,14363,248,207,1325,93,3655,962,11138,846,2352,103,8049,745,565,9994,1432,786,640,6321,301,6020
p122,2400,1246,8389,122,23355,50000,547,204,127,117,5899,253,402,7563,27191,20214,546,16662,218,16032,342,4967,11068,3839,5758,5914,4194
p123,21,7,19,601,126,20582,1362,470,3955,3204,243,882,77,14188,1390,2026,572,4995,1246,97,195,4947,285,722.6,4372,1938,92
p124,264,63,129,782,347,527,161,4,1826,2608,180,494,4,267,30,63,4,435,3,16,23,14,682,5,115,433,25
p125,2526,881,452,5355,2282,2105,12573,14,2418,2747,6560,323,62,8312,49,425,16,5171,35,298,384,219,158,26,1699,5085,429
p126,14941,6395,5164,15318,14931,14669,9811,33,2659,6288,6052,437,205,31658,327,5293,347,8928,840,2604,5170,858,900,668,4341,5827,5150
p127,50000,50000,20950,50000,23452,50000,6139,31,12121,20748,50000,28756,8638,50000,9266,35186,2588,6118,11441,63,43134,6419,8861,30380,50000,50000,23628
p128,30187,7191,11013,28249,25256,50000,9701,63,19761,31848,50000,29336,7596,50000,20590,50000,17016,2508,33417,50000,50000,21364,1031,50000,50000,50000,50000
p129,337,73,39,414,1802,12727,15790,21,33133,34360,18953,2035,36,50000,38464,18117,23812,20278,41,110,1076,23162,294,9064,4817,50000,527
p130,9518,4670,10941,22636,2100,1086,36178,159,33446,50000,50000,2689,495,50000,5702,9662,15009,3218,2775,2,584,24109,8,7168,50000,21128,1092
p131,4160,8132,29644,5948,2205,15,20,187,275,833,4572,153,115,50000,8914,149,93,6996,30,13656,131,5262,77,1356,1619,1439,6900
p132,631,5913,27372,674,4065,4861,61,219,434,833,206,233,1154,466,6173,527,227,851,8377,20972,1841,8402,362,9685,6750,5290,6844
p133,1056,7656,40431,1227,3000,11744,1481,1314,29871,34033,23203,6132,1890,810,3765,10724,147,258,50000,6904,14867,7117,5085,1033,50000,7271,41
p134,11519,26810,50000,9304,7596,3579,32717,1999,50000,50000,50000,50000,4612,3758,20391,50000,3447,4197,43336,157,30051,5641,8926,5164,50000,6180,44
p135,28012,6332,29703,29183,11332,18063,50000,10208,50000,50000,35669,7107,4403,16668,50000,31905,23678,4061,1057,6431,50000,6582,8131,8316,50000,7270,1870
p136,673,3261,3675,599,9913,32228,2412,50000,12736,26042,50000,23419,853,8826,12046,12575,1066,29834,4463,9059,38252,5432,3285,594,9288,6181,1721
p137,1639,689,2752,3355,50000,50000,7606,125,9671,7737,3889,26422,230,1209,34534,5412,445,355,579,345,4165,5910,497,3635,28736,519,448
p138,6184,683,2154,27403,7287,50000,3892,13,23920,18386,29021,14722,1822,16014,50000,35387,1053,576,1476,2562,5839,6335,1210,22245,50000,446,3205
p139,9117,1642,4094,5945,8319,2397,597,252,45,101,1289,5,78,7464,21642,2478,19,94,17,2390,316,6379,86,6813,9045,431,103
p140,0,22,223,0,1742,146,13,69,63,468,61,71,4.74,27.16,12180.57,630.64,5.69,65.56,1.75,170.73,25.13,16111.76,6.99,3452,43,57.799,5
p141,24,234,482,22,9874,232,3071,1674,27836,31502,4670,349,4,22054,158,100,351,3,1018,153,17,782,9,27957,6803,610,1442
p142,408,776,4292,376,4539,385,8218,4986,6503,6197,5003,4776,509,28251,4487,3480,72,130,1162,2649,550,566,158,971,1195,1001,432
p143,197,3007,5306,281,758,1854,50000,1175,848,432,7050,676,569,84,89,18,36,16,171,7,333,930,6,1949,1595,1993,917
p144,45539,25466,8523,50000,41690,2319,9341,4792,11127,10711,50000,1413,19160,36358,849,751,784,445,116,1762,6189,10734,21923,21528,1048,604,50000
p145,21084,7096,38462,35572,18349,1399,2706,173,1847,870,1333,5261,3633,10191,12295,10104,5586,2358,32447,5251,50000,4448,1148,484,50000,105,731
p146,15923,1626,1387,18209,50000,41844,4858,2901,16484,20408,22248,7381,4803,12747,25816,16744,12495,744,17350,393,1057,4624,1298,13102,1487,100,17348
p147,13294,3846,3822,15408,25204,4538,110,1451,5520,6840,3451,477,245,11904,742,5205,171,1592,93,1828,1172,454,973,10399,708,2027,564
p148,1524,5050,4715,156,9392,6975,4683,918,3336,1864,23904,405,107,1394,1569,598,392,42,5470,4405,908,4734,381,462,11548,2243,4275
p149,2815,9891,13146,758,14376,7181,7208,747,549,878,50000,65,184,19515,623,693,326,26,676,113,254,4975,85,520,5081,2373,21
p150,28625,12361,9470,11735,5980,50000,1958,61,13889,9895,50000,563,43,183,1211,13778,5554,51,245,689,101,4695,152,5412,319,158,10
p151,796,369,209,1607,7898,1801,127,3548,15954,19722,33058,2833,2676,40064,4673,806,2026,50000,540,8027,10404,50000,1201,8730,50000,580,7597
p152,719,1482,115,560,771,27895,3321,4125,16191,19578,50000,1206,81,50000,772,826,272,1301,85,244,603,50000,118,11631,7527,645,103
p153,114,1991,612,33,968,1224,50000,5306,21665,16857,50000,741,100,50000,90,478,376,303,185,46,307,50000,2355,31425,6108,647,1405
p154,7,5,0,36,1011,1322,4978,38813,14609,6946,50000,1356,73.2,11044.8,9716.8,1063.8,177.1,373.5,140.9,297.6,9.7,1421.3,470.4,6761.4,50000,16661,330
p155,790,47,8,2946,3065,12434,11546,967,6972,5783,50000,972,3198,15359,10209,16408,5068,7465,5526,8335,1132,5489,3383,16707,4055.3,916,25517
p156,21793,6019,4883,18047,29412,13070,50000,4944,16357,10923,50000,9681,6308,50000,4411,8803,2910,10212,8931,2641,4365,6804,9391,4639,92,1072,7257
p157,50000,15449,27933,50000,38197,50000,39072,6952,35667,35385,22731,464,31615,50000,3089,9749,13285,12638,21578,30932,22606,6367,14801,24257,5891,829,50000
p158,4316,365,79,8521,21581,11800,7790,1316,4173,3078,684,12,581,1246,7027,1258,73,1353,121,4629,327,6468,273,3402,1312,972,828
p159,6,9,2,3,1325,224,13024,642,7324,6848,50000,1324,350.7,6145.7,2722.0,7810.1,223.3,217.1,173.7,260.3,85.2,3391.6,282.6,2016.3,952.3,50000,98
p160,966,625,111,3958,15239,15264,16627,897,5620,2344,416,21954,40,97,15330,596,2573,4506,173,15,643,3261,2061,4792,50000,50000,671
p161,1636,10352,14138,5074,50000,50000,1874,50000,45405,30603,29332,50000,50000,625,50000,50000,50000,50000,3332,7081,50000,50000,26769,29777,50000,50000,16358
p162,1670,1722,1699,3241,26426,50000,50000,38559,28260,31610,50000,50000,9380,5188,19762,50000,50000,50000,17920,2268,29025,3110,19823,10209,4554,33027,4180
p163,3548,1772,3974,27608,26021,29367,50000,42451,1871,1224,50000,6446,50000,50000,10257,43452,28405,50000,2067,3258,25570,3202,15007,3471,8505,5388,7187
p164,1052,228,1421,2504,1459,50000,76,5022,830,634,7848,28219,1188,5973,388,1936,279,28321,1067,541,6134,3290,22,100,11216,501,372
p165,1154,156,226,4614,5703,50000,309,5682,13785,11424,5803,50000,1457,2549,7126,558,392,13276,765,53,26684,1617,84,1,352,436,79
p166,721,80,412,1525,9852,50000,50000,2155,8961,9186,50000,9800,101,50000,5845,2940,1338,11819,176,24,33522,4230,830,8476,432,429,344
p167,71,267,150,4,1519,2432,174,21050,4442,4576,12707,3333,1185,22993,1106,535,3939,214,2918,5333,5076,3095,1282,2736,4795,91.2,538
p168,17,602,2077,5,12039,50000,2293,10211,10467,9707,2521,4966,41,25398,1777,418,191,650,272,1159,5702,8960,173,4675,2026,2059.2,102
p169,2514,1889,8721,904,35928,50000,28019,188,17199,16617,5420,867,420,30386,7941,4006,55,562,46,215,1050,6069,1024,7838,14937,2444,725
p170,5315,22520,10901,4912,34041,50000,21194,81,524,450,8827,194,151,18768,11362,2569,2330,3089,107,19680,3048,5414,97,165,14751,1182,6731
p171,5153,2561,579,2067,50000,20038,12419,89,2640,1939,16623,2902,919,5304,1842,6713,527,74,349,11878,2164,6581,10,5,856,1135,2692
p172,24626,39874,369,34726,50000,2930,1028,2,25,30,50000,1391,1116,30672,425,226,3298,3426,2,6197,11311,24403,23911,50000,8,557,15416
p173,50000,50000,4842,50000,38402,50000,142,14,148,99,50000,2116,9291,8159,428,8697,515,489,40,19840,1063,5863,30249,1678,1100,634,15149
p174,50000,24337,681,50000,17796,42387,50000,121,4558,4118,18091,1404,790,50000,32644,50000,12473,5133,564,6151,1922,3671,1401,50000,162,632,2532
p175,1075,138,40,1896,10719,50000,9804,930,6001,8745,24399,314,4581,39991,5577,730,3107,123,50000,437,648,5395,391,30651,19,632,1432
p176,118,8,445,98,357,22159,7496,175,12278,4800,837,3801,1366,3063,412,400,878,14119,1795,4209,186,50000,66,264.0,7915,72,866
p177,4616,140,12245,3915,5416,26923,1718,529,5343,5156,73,27727,267,34730,1612,3343,3502,623,8963,3731,10433,17782,87,3397,50000,546,1635
p178,2932,1071,19133,2967,24280,50000,273,2,56,51,829,610,1,30411,39,1257,80,493,8862,69,50000,10815,281,4356,32663,199,30
p179,1602,810,50000,3261,19617,50000,5303,1,850,3878,50000,123,32,39180,4431,5582,7372,19522,310,3099,50000,4504,50000,412,29762,2621,4379
p180,1350,2867,3845,2993,3689,50000,7038,37,20508,38996,8749,2621,643,1213,2466,1367,2314,552,1093,15741,2129,5124,518,37,1437,171,8654
p181,565,75,3539,3787,268,50000,449,193,11394,4463,31,1129,30,6874,107,99,5202,1063,226,609,1154,207,11,544,3007,239,31
p182,8765,3404,6394,26654,6712,50000,6833,475,50000,50000,2382,18049,66,50000,716,1482,14696,12150,2329,2195,50000,866,6115,3644,14599,14212,75
p183,41290,15237,50000,50000,50000,41030,38155,15,13827,50000,12424,50000,52,80,1813,1027,16080,1999,412,34,8377,459,1844,1206,1217,13100,104
p184,11412,5364,7817,35166,50000,50000,7046,219,10209,27204,77,4998,2389,7961,6135,478,1295,2896,4395,26664,15409,17639,783,5948,50000,8150,68
p185,849,6737,4954,1880,50000,13832,4201,72,2863,1876,421,5551,102,2468,418,171,1184,7434,447,303,9027,127,1199,91,15798,5640,815
p186,3886,6577,40214,2041,50000,23325,2413,90,403,1068,8527,118,1265,358,4516,2542,3543,6104,959,5846,8485,9,3945,738,7960,3739,163
p187,4344,2219,2722,4969,9294,5107,5038,864,4096,7216,21960,302,571,74,40,2505,14700,70,1017,6927,2898,139,1287,55,931,12425,3778
p188,4806,12414,7371,19306,29354,20408,50000,6,2034,2363,50000,1489,370,50000,104,278,2754,865,163,364,26967,1612,6,24697,6732,2709,289
p189,8819,3931,6986,50000,20984,15673,41220,10,14805,41672,50000,2692,3404,50000,983,7267,15066,10798,5457,2445,3935,7149,168,1099,5265,7736,1645
p190,62,8,15,202,338,1423,735,239,1650,1756,13226,1652,100,35928,1330,240,1281,18236,40,821,9659,689,956,517.8,1334,9543,37
p191,348,281,329,81,313,3785,9084,203,23256,26026,33120,207,59,50000,99,67,1414,140,53,32,286,2090,5904,3653,2356,459,9
p192,4060,4566,6364,5814,3417,4464,10191,33,18854,34616,35204,6575,1682,5901,5504,9272,423,2857,1406,168,9616,1818,21621,2297,21287,147,19
p193,21058,6863,50000,39240,3473,50000,50000,2633,37338,41877,9244,40324,22476,289,7882,21168,10161,15049,16558,2668,26298,50000,24341,39,9799,8546,1010
p194,2181,3538,10013,4401,7502,50000,1963,721,4980,6739,511,10958,2595,5703,343,734,5243,3796,926,4434,32026,3979,6693,329,3414,6703,2386
p195,1428,4306,4203,3322,6524,3157,10248,99,9585,10828,6072,3669,140,5464,7892,4998,268,1188,128,6315,1919,318,43,864,1809,4929,30
p196,473,18,278,344,47,709,50000,73,553,7815,1312,3006,50,14840,2868,2018,68,326,87,10327,9407,25402,5689,16133,50000,9239,1200
p197,23774,4732,14019,21165,3281,21188,43691,99,15333,11087,19738,34021,196,50000,22415,50000,21207,23890,1419,26363,38882,50000,31992,50000,7710,50000,23250
p198,29559,5414,50000,1315,6660,50000,1765,9,2552,1866,50000,7840,48,24373,2620,2121,9119,161,255,13310,529,507,7342,6340,50000,4993,1932
p199,3090,3973,50000,4533,18520,33876,90,7,169,279,36249,12633,1271,50000,2188,11587,15819,3903,1869,31362,4209,5195,2741,111,1478,6643,5560
p200,20074,15431,50000,44455,13205,28498,1148,30,5924,5264,50000,3902,151,50000,100,227,20056,14662,314,1615,50000,50000,12820,45,1567,8418,239
p201,9001,2275,50000,14377,50000,50000,15649,7,18604,13880,33083,9998,2,17990,1737,27400,11018,105,141,31024,31829,3596,1211,22793,9148,3026,8239
p202,25707,6167,50000,25432,50000,50000,50000,9,3483,14551,50000,504,91,50000,490,36048,27103,23890,980,7692,50000,50000,50000,11970,7751,50000,9300
p203,42736,21877,31120,50000,43646,50000,19066,3,5110,8310,25942,6911,88,50000,414,3111,697,938,56,17506,50000,18602,25090,36699,20534,11854,2228
p204,36623,50000,24631,50000,50000,28303,11717,4,316,284,50000,3552,64,50000,380,3196,7798,50000,109,10100,14872,50000,50000,50000,17227,42883,887
p205,29114,31411,50000,7885,50000,50000,9913,7,546,508,50000,10299,4245,50000,35726,30860,50000,31559,26712,50000,50000,12174,16401,36297,50000,11882,3728
p206,31894,20075,50000,50000,50000,50000,10090,8,771,490,50000,1191,20790,2657,8045,35918,50000,50000,31114,50000,50000,1530,50000,20515,50000,50000,33417
p207,7236,21808,22388,22410,45600,35093,18710,502,4452,8852,14032,40760,809,1041,4080,36048,23659,1210,22919,50000,50000,604,32451,82,50000,1758,24654
p208,2279,8855,35377,3399,43,389,26275,676,14607,34790,18989,9674,5878,21689,4273,7263,7261,998,5704,1044,99,155,1770,14314,2624,502,13
p209,1376,6766,8571,2932,49,1147,3644,2,243,666,89,5,10,225,459,1143,1058,76,59,2422,341,77,19,1343,381,639,2
p210,1798,7023,10909,972,19174,537,1975,3,281,529,4352,10,0,30238,755,46,44,137,3,37,2703,1256,1881,5064,821,2852,3
p211,19706,30432,9609,35878,50000,153,401,2,1477,1133,12171,93,23,50000,151,640,1709,268,89,3144,4674,2784,4525,50000,7923,2840,285
p212,21352,20761,50000,29292,5892,22580,4599,64,1508,4301,50000,12003,1291,8297,9285,2009,14908,26459,901,5726,8663,50000,3749,1323,50000,50000,916
p213,214,33,129,3867,340,816,2009,186,854,2423,21109,1064,4,21577,936,9,47,141,5,10,18808,6662,234,1723,1069,50000,13
p214,714,130,103,785,492,98,3476,1,1143,1945,5757,179,3,29703,8,68,30,33,10,146,896,4868,86,217,109,15040,6
p215,740,101,8446,2892,1049,8491,2711,19,81,141,4080,345,132,26099,139,1323,814,964,97,460,14400,1904,3048,638,31533,507,106
p216,1912,9005,34404,4946,5821,11839,7543,653,2809,3466,26717,4215,256,12730,11194,1456,4667,3839,242,6632,5152,965,783,10004,50000,12647,263
p217,6638,7897,5901,20642,2970,32969,7862,205,3296,5166,50000,10515,362,5697,4655,12360,9153,9952,1475,5192,28423,2983,1392,4509,50000,15070,3215
p218,22963,35458,19506,26644,50000,5824,50000,60,5243,23981,50000,921,435,50000,1176,6142,9145,2526,1942,1797,36408,50000,5290,25720,50000,50000,1890
p219,4038,38801,13453,7501,50000,2218,34979,14,2457,3629,50000,1097,107,50000,1184,1729,2445,22760,1080,11272,582,2948,12582,1819,15084,43935,1205
p220,2276,982,2126,3614,5556,2492,29781,341,12673,14719,12997,435,272,5298,6383,5435,1875,1918,320,1181,36,2444,645,627,3671,80,30
p221,532,1780,6454,411,251,268,12930,98,3751,11618,16393,2378,84,143,1040,1120,592,9490,370,589,191,497,486,163,3217,7633,212
p222,1732,3192,13724,4648,5372,5886,4990,79,4770,9925,31276,9515,70,3934,113,198,1678,756,44,51,2138,1914,828,4315,5640,1123,187
p223,40641,50000,50000,7991,50000,325,6992,7,2551,2041,50000,662,14,50000,53,110,5670,19156,110,4112,50000,50000,50000,50000,6833,16636,83
p224,33492,14673,50000,50000,3534,50000,8921,10,718,2351,15210,41254,3579,50000,876,630,8813,50000,1666,24102,50000,28666,8717,837,50000,50000,23460
p225,505,310,610,2945,5622,305,138,10,235,179,50000,534,339,50000,62,27,85,2162,53,2073,31317,6801,30731,66,792,32567,796
p226,3178,1541,5964,177,9887,160,1642,89,1626,6531,50000,203,87,6926,431,1274,37,88,60,3198,236,46,2534,4039,58,3008,355
p227,240,98,569,208,5487,675,2965,8,4135,915,24539,97,176,2186,994,57,1278,133,334,18508,327,202,1516,3356,14339,264,1782
p228,404,248,477,63,2413,2613,2541,11,2730,2561,44088,16,435,14040,8181,9378,3366,584,165,7574,615,3912,1444,50000,1710,1190,1531
p229,3508,7167,31381,6943,7893,3240,6074,12,1557,749,50000,126,68,1989,3471,21,660,145,550,989,5263,11,944,620,5462,699,294
p230,28933,35718,50000,50000,15929,2116,2637,156,6949,7335,50000,1183,357,17424,11569,2741,5621,5409,3749,17228,24228,425,7036,17772,21619,6143,3129
p231,650,825,8306,1427,2507,37,764,13,217,537,50000,842,52,6090,3132,510,152,416,28,1773,248,556,7425,50000,50000,566,287
p232,4130,8957,37129,5028,1821,11839,874,146,4272,3016,50000,9667,1227,14186,3925,3095,10801,933,2461,9456,72,2281,14772,1338,50000,143,5671
p233,1152,371,7232,4935,766,262,1884,91,1287,961,26286,3221,151,92,560,1882,46,425,348,1713,217,6,176,28,4054,60,8
p234,11707,8037,39683,21796,1669,412,1708,5,3247,928,4022,45,117,3568,78,118,1111,114,61,1017,3339,343,667,1078,868,1230,244
p235,5667,6477,27125,9313,3741,5,4114,8,1647,1390,50000,30,32,21536,15,365,144,90,72,542,12661,376,5370,11870,90,3822,132
p236,33824,50000,50000,50000,50000,31362,9443,6,1792,1435,50000,53,738,50000,50000,12808,26815,50000,974,23054,50000,6622,50000,32790,44,50000,86
p237,262,16,87,4696,362,10837,468,93,643,836,19773,9,420,31142,6532,259,802,4244,420,9515,792,3400,230,1164,8340,5390,647
p238,130,24,543,640,561,7285,199,89,2064,9351,154,2794,67,8954,247,145,424,1101,40,5783,2606,218,1190,996,2334,1805,92
p239,9363,41325,28409,30733,7220,1343,28874,68,4531,5603,6842,82,155,1201,4181,5357,9469,10474,422,3116,13210,1779,42371,50000,113,8767,632
p240,21790,7176,25000,50000,8130,3343,24423,9,2526,2368,50000,577,190,2628,1559,13456,2158,471,152,19242,77,6,1028,11441,5959,4613,1756
p241,2728,109,298,40778,4599,12080,3767,77,3123,3290,22288,2646,318,29163,962,279,3810,3498,453,6461,6869,721,4930,119,8036,50000,178
p242,100,225,649,115,377,1,178,9,130,258,159,5,8,6644,25,8,92,64,28,27,172,4058,1470,5193,14,4406,60
p243,395,3423,3572,256,137,307,4924,8,1566,2810,50000,36,27,35,556,3856,3732,430,78,753,192,6574,7604,22222,8681,2099,11
p244,5720,6453,17836,25924,24704,752,3831,7,4890,3032,12999,53,22,10687,1095,2345,699,232,129,2134,652,117,8180,2726,5718,21784,523
p245,3064,7003,13112,12238,33185,924,3985,11,298,270,50000,4,54,50000,104,49,160,2179,78,1363,27709,9553,50000,464,938,20587,262
p246,791,53,416,11126,286,2770,8013,10,4054,3897,50000,697,1925,888,6703,6238,3608,1349,3532,21966,494,10040,8773,38129,50000,813,3273
p247,16,6,9,50,12,562,7618,633,20831,14924,50000,3680,556,3094,281,89,390,176,1138,122,7942,4608,2705,9818.9,29280.3,49,5
p248,692,2762,5126,692,38,300,6259,85,8709,13177,50000,110,43,18231,687,1010,1315,1746,44,14,2141,17034,3265,17273,50000,897,4
p249,8281,18315,19405,17392,40278,11,5544,6,2240,1631,50000,96,31072,15776,26,71,3094,12,298,600,378,5678,1247,50000,22478,181,76
p250,32876,50000,50000,50000,4715,2686,11913,6,2995,4517,50000,60,47,9470,866,17126,7452,192,275,1741,488,568,5230,50000,3728,5450,108
p251,50000,50000,50000,50000,50000,188,42530,31,3203,3864,50000,10,299,50000,7073,50000,13366,4691,753,15396,11518,22732,50000,50000,16175,50000,4814
p252,50000,50000,50000,50000,50000,9870,17781,3,5097,6899,50000,78,2145,50000,1812,36668,15656,3551,3869,50000,22723,50000,50000,37252,50000,50000,50000
p253,50000,50000,14881,50000,50000,14053,13266,7,3588,3952,25850,33,466,50000,7557,4843,4918,10926,857,31604,37176,42965,50000,50000,9148,50000,18593
p254,50000,50000,50000,50000,50000,12175,23879,4,3511,12463,50000,25,891,50000,24915,50000,15480,6791,2041,50000,33604,50000,50000,50000,50000,50000,50000
p255,50000,50000,50000,50000,50000,35136,36824,51,2759,4021,50000,8,2245,50000,31563,50000,31104,25056,4484,50000,27239,50000,50000,50000,29709,50000,50000
p256,50000,50000,50000,5410,50000,50000,44844,64,1345,3611,50000,28,503,37105,6609,31253,596,21135,991,50000,50000,50000,50000,50000,29473,25730,512
p257,11,15,7,7,7881,8,770,11,1730,4649,1599,12,7,35864,759,209,1267,7567,50000,5794,639,50000,960,6029,2090.3,1503.9,193
p258,5513,1733,4394,1655,5122,21328,2996,71,2146,3306,5319,804,192,35786,3205,736,580,9392,102,28789,1451,10100,38413,50000,5553,16012,50000
p259,17402,6917,29412,13,14134,168,856,8,850,2083,7048,94,29,18292,51,382,1313,68,645,9065,141,29030,27698,26226,14914,2600,3160
p260,10331,34349,50000,8115,50000,35587,6342,186,1095,2777,50000,1573,91,50000,236,523,6689,20,778,1288,145,22646,8320,50000,2796,1038,7019
p261,50000,50000,50000,50000,50000,41494,27844,72,1066,1231,50000,50000,16400,50000,21288,50000,50000,50000,41314,50000,24940,46667,25582,13400,50000,50000,9437
p262,16520,50000,24876,50000,39325,23,6240,78,3337,2200,50000,1887,14852,14542,7524,50000,2814,50000,7586,50000,474,50000,50000,43482,4943,18059,24954
p263,4559,13092,50000,1654,50000,16744,6958,2852,4037,6803,2005,2866,806,1526,2993,12640,13427,3131,2209,26179,50000,7226,43823,7500,50000,4599,24154
p264,3435,247,9074,4042,1337,1064,1890,98,1135,1139,29686,739,121,82,87,2091,676,43,111,548,1564,7,7243,67,826,2411,108
p265,22636,18913,10722,7575,50000,2240,1648,6,579,738,27524,9,10,8098,70,104,339,782,41,610,4623,441,442,628,837,11917,102
p266,50000,32828,24155,50000,50000,6610,2993,13,1422,3392,50000,513,45,50000,803,447,910,4428,134,18473,31593,1571,25913,12470,2902,50000,1114
p267,50000,50000,50000,50000,50000,50000,6222,212,5734,14472,50000,6518,471,50000,4348,2551,6420,29953,1169,32111,50000,479,25474,50000,3101,50000,813
p268,4669,2947,11971,30156,423,3091,2541,992,1814,21882,13229,11236,273,50000,1493,65,615,25049,100,5341,25578,7341,658,2181,20553,8140,449
p269,88,358,178,1037,108,4,12484,60,7348,19108,26458,105,28,1450,80,306,546,19,59,690,2988,2691,1036,4206,68,11502,47
p270,344,1372,8073,479,975,473,14239,510,4892,9583,6798,3986,250,487,450,573,317,917,373,46,4440,2703,9122,2712,730,3957,505
p271,3125,32603,50000,4505,40421,1614,9402,336,12740,15753,50000,631,817,4582,4978,3969,2996,658,1377,592,27818,1010,15246,4968,1615,13759,623
p272,12662,15062,8681,17869,31688,6318,16779,266,5805,12184,50000,2521,1109,19859,2706,7438,1079,6156,1191,426,1983,297,28002,28787,699,10847,5747
p273,701,3507,6010,1810,15643,6690,2476,2581,17066,8555,1403,50000,32439,29255,7616,50000,50000,38911,20719,50000,644,26027,7772,18396,32329,14665,50000
p274,1429,3784,31646,1203,116,18612,1479,779,6068,7398,24943,13822,16502,1182,51,7416,11811,213,11397,34094,1005,14978,4597,6950,12389,7258,27232
p275,6207,6711,13953,25949,50000,50000,931,75,622,678,4715,742,556,25556,68,26,7735,325,546,12416,4744,1438,730,22932,224,50000,2145
p276,29162,33000,50000,50000,50000,50000,806,91,331,180,840,1125,2294,25687,101,454,6106,8562,168,607,28206,7792,7540,3980,1020,13813,5560
p277,5682,782,9036,50000,9737,50000,3191,4565,1116,1091,15857,27406,50000,8377,2681,3026,50000,50000,19989,22516,50000,50000,29996,50000,24234,50000,28145
p278,1473,744,1135,8461,176,3120,180,531,219,189,41,70,4559,7275,1817,585,234,9096,1930,1474,479,10037,747,2559,3761,13005,440
p279,5,0,8,4,54,2,36,10,140,125,1,16,10.7,76.0,26.3,157.2,1.9,165.3,6.1,402.4,0.7,3.1,19.5,46.72,7.3,122.3,9
p280,262,520,2106,16,3448,186,1543,17,703,768,4510,2,76,4888,271,38,6,150,104,5,15,17,145,2322,1933,212,486
p281,125,1926,7022,142,8526,849,1229,8,6274,5614,8401,1251,35,145,17,73,51,22,508,620,87,105,232,3934,930,52,176
p282,15518,41131,50000,1499,35900,21386,3389,30,8034,7721,22559,4223,1505,8284,935,4812,2156,726,9520,4439,4527,885,1699,35708,25397,541,2933
p283,12097,20994,17422,3424,30125,50000,21195,848,37633,50000,50000,50000,4623,5486,71,141,1123,2465,14435,6694,1961,3423,3176,7062,9278,5143,483
p284,18646,8984,50000,38472,18893,50000,13428,11663,36214,11799,34348,50000,1835,4295,25,34,218,184,809,805,5278,885,628,122,1267,952,103
p285,14827,7150,50000,7626,34327,50000,12671,32,894,1252,50000,343,8091,628,894,1179,718,11934,15011,16166,6769,5437,23129,4401,7469,139,4403
p286,138,878,6881,525,21850,16103,1252,118,6810,7648,23701,733,3481,613,594,2114,2008,2841,4766,12807,3688,6913,9276,4478,9381,56,12901
p287,4577,10186,23292,950,10275,4148,29716,2604,20442,21692,44088,222,822,169,3096,2311,90,589,1755,94,231,50000,4745,4049,33254,2849,1946
p288,3875,23912,33113,5326,40833,14972,320,1101,227,208,50000,4607,44,9466,368,412,70,30,168,1023,96,28511,2364,35614,33908,3971,10313
p289,18847,33196,50000,13386,50000,28167,279,2516,660,650,50000,923,2304,297,5305,8526,540,1124,5226,27844,2765,11903,15868,1365,50000,4188,9904
p290,10907,5926,27778,8282,50000,50000,219,1146,1159,1297,50000,497,871,2082,7548,19,1862,5904,8524,6321,1126,5524,13430,21978,50000,286,7131
p291,12912,8037,50000,28301,50000,50000,228,718,1211,2567,20251,4650,3436,385,365,637,4803,1772,50000,17069,15611,367,19265,538,50000,28,38036
p292,3049,430,4684,18081,2944,50000,336,877,84,70,87,4526,9968,838,4034,5980,13339,13692,9148,37127,3249,5385,12173,2809,4136,833,50000
p293,259,8,79,2612,62,50000,177,442,108,123,56,1499,1496,457,303,214,597,6178,1486,10458,1189,20,86,256.8,795,1181,835
p294,2231,804,623,5734,3426,50000,75,179,1423,2565,1113,32,16,3344,16,27,10,42,59,252,1091,6,30,2251,51,4713,98
p295,4149,4399,11700,779,7285,17899,8954,100,7045,10441,50000,495,33,382,72,189,119,1230,35,633,173,35,140,415,9,7899,4
p296,12946,10676,50000,2717,8241,5254,30462,1017,4585,7789,31235,1397,666,1458,1499,4663,493,3491,653,10041,347,92,811,13,1241,589,145
p297,50000,32072,9231,50000,30675,50000,4649,416,17870,11224,50000,465,24104,50000,22332,8075,1074,15408,842,4694,2220,50000,23566,11738,852,44319,10315
p298,13588,13282,50000,8585,6078,50000,6389,212,21586,15352,3921,1216,4373,1706,7624,644,682,7410,7413,237,25149,19743,691,6964,6451,16269,1148
p299,5738,5049,1197,9234,50000,50000,9326,5002,28062,22427,1236,770,16134,655,50000,10713,26317,50000,1069,50000,2558,13165,15181,5275,9042,50000,12126
p300,6163,9842,4635,5207,16866,50000,12791,332,13292,15559,2935,1240,298,26224,226,3551,29,8335,589,5916,1869,6,1416,385,6,21775,7312
p301,35726,28921,5112,31656,50000,19784,2817,13,600,580,50000,35,302,19813,322,29242,352,8553,267,2732,3345,45,2646,705,2,5643,7053
p302,3380,5602,50000,34192,22249,50000,1300,16,244,195,10073,44,1327,547,1695,125,1034,9699,1774,50000,50000,2705,43737,8383,16239,6319,9257
p303,26395,1763,50000,50000,50000,50000,965,68,263,142,35468,1683,34010,104,303,15868,780,7274,21513,4184,20567,871,11238,1077,1763,449,6606
p304,4978,5801,5639,22904,14500,50000,24007,516,50000,36031,50000,50000,1192,11860,3807,30314,4002,50000,999,16001,50000,50000,542,4729,50000,28960,74
p305,15425,17734,50000,31410,50000,50000,11654,231,8175,2854,50000,4167,728,8055,763,17009,6685,7282,5764,3056,22473,7380,6621,12239,50000,1637,1443
p306,4282,1457,10563,18977,7437,35625,1998,2449,13499,9623,50000,2485,916,6656,6,2965,4642,30,799,18091,12632,14146,7807,5458,50000,30,20903
p307,990,2975,34014,1367,9978,35347,972,3050,1200,1111,20,4393,3698,314,83,1598,1660,12600,3688,7762,1828,8131,1228,109,23430,3513,4944
p308,759,8503,30426,1409,32512,50000,152,4586,893,1112,18,1037,440,30,57,94,3831,2578,4689,10066,16324,5259,2306,864,15081,99,543
p309,1175,144,673,1034,50000,50000,88,2657,1570,2041,731,1995,1071,66,5512,1516,514,12139,1095,410,8649,388,6825,684,19655,376,583
p310,693,4453,3613,230,8816,5587,2773,246,1949,1446,27445,273,804,1935,147,1877,1045,180,7315,2302,10029,214,3239,18353,50000,255,1357
p311,3142,3548,50000,3516,13444,8994,5263,120,13375,7184,26925,352,72,6621,161,1158,970,181,686,146,968,463,285,3319,9368,56,359
p312,12323,50000,50000,11682,50000,35341,3124,677,2525,657,29680,6409,6273,1014,4940,3678,450,1824,2772,21814,50000,608,154,3412,50000,329,528
p313,9857,1060,28302,4554,16832,37161,737,201,641,302,903,959,11831,5350,13533,175,99,6104,8347,18452,50000,3674,729,1656,50000,1263,248
p314,11271,15138,38265,27027,35551,50000,5402,270,5893,7540,505,16390,1745,562,794,6239,462,16695,3145,1303,14035,358,683,409,8148,1217,1595
p315,4754,4623,50000,1375,12453,13774,7770,53,3479,3959,18192,24752,172,20237,11,788,148,369,2039,271,6902,429,1385,2035,1406,824,542
p316,839,1231,38168,1360,2932,11039,3155,668,7197,7822,11745,55,739,177,149,2890,845,645,3918,617,2545,2,2400,1601,23,10,1080
p317,9256,20101,50000,24296,11964,42724,6588,867,15904,25696,15485,190,414,11858,59,6647,2317,157,3765,1936,825,422,462,6438,3423,14,297
p318,248,492,156,1527,49,258,164,35,4757,4400,2916,818,38,75,22,638,5,50,14,273,129,9,2,254,104,104,4
p319,121,399,4667,42,14,14,820,1314,2787,2198,207,704,38,596,111,758,76,706,754,57,47,5452,17,1549,5410,74,2
p320,84,49,61,252,295,12010,3390,1810,3558,1357,156,3254,134,4757,56,99,544,3100,6732,28,1811,35230,427,147,50000,411,54
p321,279,1064,2894,516,776,50000,7434,101,1414,1528,243,134,226,6321,835,713,1187,126,747,2420,1885,6623,361,8147,50000,203,1322
p322,1284,1268,9709,1576,10161,43182,2725,198,2241,2011,54,695,82,538,237,34,2628,59,560,9312,1100,11364,154,13460,50000,2586,456
p323,2307,8921,38265,2266,6479,41913,2071,3100,1928,1135,16,2242,150,1505,386,170,5546,96,2958,6748,956,4944,158,778,50000,1367,549
p324,122,45,164,89,5482,36790,221,11738,3072,1186,118,77,764,108,838,204,89,2734,284,1353,4099,5956,494,98,29398,85,1675
p325,4289,2199,4201,933,30859,50000,5985,1580,7758,5972,799,1032,803,3602,2788,4320,157,6270,1095,4179,1134,9552,1227,2515,11690,213,1521
p326,1335,397,596,13,10609,38163,815,34,2949,1290,618,20,29,11794,154,495,13,67,513,78,155,297,374,5743,34014,84,511
p327,2033,8798,5560,650,50000,9399,21485,29,5854,3408,26224,41,139,31908,647,13854,429,1620,330,5090,1137,12602,1805,22814,1151,1728,2923
p328,30367,9159,19455,13420,50000,50000,16938,636,7192,4502,17784,993,805,1235,34,50000,1747,1864,2360,44127,5609,801,1330,662,50000,17438,7137
p329,30422,3261,33040,50000,26727,50000,44,87,352,155,40234,615,13117,36333,212,13083,840,20562,17898,25227,1356,50000,50000,11995,50000,440,30087
p330,5335,187,616,50000,16192,50000,106,926,825,890,3260,1908,8535,4643,13,398,180,17672,1030,555,6039,50000,30127,3971,50000,432,508
p331,713,1110,6438,576,27387,50000,182,5131,4011,4507,1145,50000,4565,18120,160,2314,1479,1626,7355,10836,50000,7590,28450,41,50000,663,8170
p332,3677,7695,34562,748,50000,25970,469,4473,749,1014,50000,3629,2035,4670,100,531,8962,19714,7475,5770,1725,50000,18291,1233,50000,652,661
p333,50000,50000,50000,50000,33570,15976,1004,10438,7921,7868,545,2474,8210,746,256,3440,9063,2203,22942,23607,3992,4651,50000,2090,50000,3338,50000
p334,19924,22111,50000,7121,21621,452,12412,166,50000,50000,18917,22236,343,17793,6120,15279,8091,31958,7996,50000,30456,1595,6679,1026,50000,50000,18448
p335,25355,5835,32823,8295,30980,9093,7254,324,3053,1600,50000,55,142,24077,2465,5250,725,10007,683,11668,38900,2801,714,3203,7761,15786,3555
p336,489,8,786,1455,1353,7880,4905,59,6086,3560,16601,52,42,222,368,225,22,25112,81,12,186,1684,797,847.3,5359,14501,41
p337,2943,55,9381,3573,5907,20573,4874,18,443,548,35722,70,56,23421,492,40,36,16027,233,312,2889,21281,282,8160,39866,43,305
p338,103,13,773,317,7118,307,792,22,3405,2726,50000,663,1,1834,39,1297,96,297,21,765,770,6,211,77,13354,17,312
p339,11484,4422,50000,7254,18146,12753,50000,682,34345,50000,33678,2659,133,27466,2802,12252,11181,7289,993,2777,35074,299,648,3706,50000,549,683
p340,50000,14562,10431,50000,10940,2633,36831,89,50000,50000,26803,5050,334,50000,17697,50000,241,10112,503,1444,2743,421,1531,25666,50000,13410,4230
p341,34725,50000,640,36588,19768,7054,35441,591,38782,50000,50000,431,3529,50000,21631,50000,1737,2181,10187,54,8158,5562,3731,50000,50000,7648,4007
p342,212,3523,2433,341,274,182,2030,6,1022,1129,3416,69,12,1467,1767,5360,2,302,32,354,28,10,54,25610,4523,55,235
p343,1748,144,1589,1935,2450,2802,30,14,172,261,23,309,672,6927,3755,610,319,1028,883,5572,506,201,738,6402,19969,772,5726
p344,26741,6922,27985,7285,27176,50000,33,655,1142,1220,12,643,494,4181,434,1080,7945,1071,6094,8063,2913,933,348,7572,4997,786,2956
p345,50000,29338,50000,31976,50000,50000,3328,635,8438,10149,960,3594,701,12778,6438,20209,1320,18679,2654,13391,46681,1697,2958,33901,40663,8909,5857
p346,6451,710,2275,9069,27234,29514,6379,3641,15304,23992,2723,100,1555,6969,1139,4520,6296,3973,1405,7215,1735,6409,3540,2815,36719,50,10781
p347,134,150,1311,183,882,25760,1278,7449,2346,2920,69,1210,255,4166,2773,259,5332,398,1877,15171,7914,43478,214,5110,50000,292,13637
p348,175,333,4947,402,1221,50000,781,11073,2653,3374,15,2555,50000,7953,4050,1762,12067,385,2517,20045,6956,50000,1081,4906,50000,414,12784
p349,10328,9460,23256,6701,50000,50000,30199,3063,50000,50000,12400,50000,785,50000,10494,44847,50000,10685,31588,37418,13625,1491,22203,50000,50000,2050,37663
p350,29395,40041,50000,21585,50000,50000,50000,2464,5380,4294,34265,50000,12284,50000,24748,50000,50000,50000,44459,50000,31616,50000,23607,50000,50000,3695,50000
p351,50000,50000,50000,50000,50000,50000,21832,334,843,2343,19754,50000,30881,50000,21651,50000,50000,50000,50000,50000,50000,50000,38910,50000,50000,35519,50000
p352,18697,7388,30303,14559,50000,50000,34649,3041,16882,21066,9330,50000,4591,50000,13627,22931,15927,24228,21212,5427,10941,50000,8461,23992,50000,50000,6176
p353,5550,12114,37975,14684,21559,50000,31308,29066,26029,29744,38348,19960,1125,19041,1201,2663,14548,50000,14565,85,257,50000,50000,50000,21368,21159,4896
p354,50000,50000,50000,50000,50000,50000,50000,5360,50000,50000,50000,35395,471,50000,21191,50000,9912,50000,27218,1859,445,50000,50000,50000,15282,34888,9395
p355,32864,50000,50000,50000,50000,50000,50000,26542,19764,15069,29409,21247,12519,1197,25249,50000,30907,50000,4166,11626,4200,50000,37844,16568,50000,30422,50000
p356,9068,4964,50000,50000,2589,758,6195,6125,913,891,1303,155,733,6347,3495,18862,37251,22978,7701,31179,5402,24128,19720,50000,50000,8114,32418
p357,12827,5629,50000,50000,8176,5729,25373,1045,2120,2139,451,90,4868,50000,12586,11853,18892,36868,1498,15644,25809,50000,10475,50000,50000,50000,7706
p358,32405,18663,50000,50000,25853,41947,50000,240,37273,45879,50000,7423,890,50000,14681,50000,8515,50000,2904,11227,24066,50000,50000,50000,50000,50000,269
p359,21147,6304,50000,50000,14619,43861,50000,6712,38318,50000,27411,5886,22779,50000,17075,50000,12659,50000,10478,10534,23583,50000,30380,50000,50000,50000,4225
p360,5324,1635,6316,50000,9528,11852,25541,22871,19497,24483,20316,16953,512,5989,21828,50000,13437,45840,3968,4539,1032,18192,2002,20989,9700,15799,13640
p361,417,298,3119,108,299,50000,11736,83,16393,4256,50000,50000,20,50000,1045,1160,591,9328,1569,6630,13569,4186,2710,7564,498,5282,857
p362,12812,7215,34483,1428,7542,50000,50000,361,50000,38466,50000,7462,501,17427,9963,22217,1192,17526,17125,11754,26806,26543,3373,19812,50000,50000,2355
p363,24762,8331,50000,11808,32906,34645,2519,296,50000,50000,50000,19324,825,33042,11448,50000,126,50000,3237,5747,50000,8640,16428,24895,50000,50000,27719
p364,12330,31382,50000,9576,50000,50000,13070,1544,50000,15177,50000,6145,4716,224,102,7156,657,975,5061,26561,8371,4478,9811,1149,50000,1898,50000
p365,489,2910,14837,720,576,50000,3845,198,15872,7666,50000,802,7,9,4,50,1733,6,8220,484,108,25,155,84,555,465,264
p366,1355,657,2973,922,246,7715,15218,8917,50000,22021,7733,433,128,474,125,2807,6141,112,968,2771,106,67,632,1333,2881,687,99
p367,9102,8965,30060,10823,2526,24631,1349,1615,13151,9448,113,9092,1794,2101,3011,3661,63,10201,6502,129,14,186,30,1720,79,3667,539
p368,133,158,496,18,79,43,915,1391,11497,2776,382,26,53,1525,98,262,52,299,6606,50000,13,32,97,183,22,14,12
p369,1611,1306,3775,88,992,1786,12747,10983,14166,10638,4966,670,102,919,1210,717,109,477,1702,6023,7,125,134,1659,434,39,62
p370,2423,4994,16988,525,686,1581,18321,1355,50000,50000,50000,1171,337,6073,79,2443,75,46,2111,186,55,668,452,6233,5269,63,77
p371,12574,15447,50000,770,13565,9272,43126,289,50000,50000,50000,10338,598,25004,698,2680,7629,143,6732,536,578,2135,1340,23236,50000,533,1457
p372,16632,8765,50000,2833,17467,36182,50000,52,50000,39592,50000,2281,287,8677,3036,50000,3422,4739,5412,473,3460,4505,3240,12769,20645,2336,881
p373,31187,9084,50000,6237,16262,50000,50000,116,50000,50000,50000,14419,8281,50000,5357,50000,7373,10117,7883,1212,11091,10674,7959,50000,4678,12371,1900
p374,50000,34642,50000,8760,6781,50000,50000,3524,50000,50000,26637,4247,28123,50000,7003,4184,14578,7456,15311,1795,7073,1553,5841,13248,4708,37242,1433
p375,22888,50000,50000,877,1359,17324,50000,20416,50000,22625,50000,644,2669,10521,4468,1131,781,22969,753,18297,14823,154,9815,2810,718,13974,3873
p376,304,365,1391,357,342,129,1556,11562,4949,3662,1310,448,1,130,433,192,6,697,49,306,33,5,476,158,17,323,142
p377,2754,1024,6491,3905,13023,5584,125,24592,425,384,5,17,433,90,1074,1147,586,859,11391,8764,335,86,16969,483,854,569,3566
p378,411,177,959,86,9713,346,200,1853,949,466,6,7,2178,15,1909,4968,6259,1653,24,50000,190,553,1565,1343,123,4234,28123
p379,246,58,74,5,917,15398,1523,45,1624,1484,54,2,439,673,94,506,2283,93,782,1010,238,1922,1251,10829,1912,1872.3,4187
p380,328,117,402,13,555,2921,7094,981,4236,8266,711,26,8,1527,903,514,939,479,179,250,4,864,204,118,36,9911,2
p381,934,245,1066,3761,1270,4864,38551,50000,16907,3084,220,721,196,50000,73,63,1450,6277,400,489,11,696,1313,365,32,2817,90
p382,2400,320,438,1586,2030,5164,8718,1415,3996,2715,3946,145,22,17491,955,691,116,7940,138,148,137,248,166,590,422,6979,362
p383,6378,4121,4089,930,13826,3218,10630,623,12434,9114,1520,365,245,22192,4485,692,623,23031,753,1599,3570,5222,6017,3999,8695,16680,3709
p384,9292,5383,37783,10518,50000,50000,18790,4105,12735,13594,50000,1756,3076,627,41,1469,6711,394,19477,7065,5041,470,2181,4788,16283,8854,17439
p385,34959,50000,35885,50000,50000,36348,13583,1188,13228,24246,50000,33109,6373,23613,1216,11366,50000,10094,50000,24221,23027,8364,10738,43978,28694,50000,32862
p386,50000,50000,50000,50000,36266,50000,30566,22494,50000,50000,50000,44310,10325,50000,19011,50000,31069,50000,50000,50000,50000,8601,50000,50000,50000,50000,50000
p387,50000,50000,50000,50000,27171,50000,50000,287,50000,50000,50000,2998,5821,9189,8175,37686,1309,11561,6704,50000,9895,246,9508,2365,50000,25937,13493
p388,50000,34935,50000,13914,32895,50000,26134,45,7258,9858,50000,3001,10693,1167,7946,1716,6877,7087,13370,50000,10398,1921,50000,7738,34602,16707,50000
p389,3255,34254,50000,25653,32722,35253,34200,6592,28930,23652,27433,848,3527,1039,59,1648,804,15,24319,27371,50000,847,50000,2577,50000,254,18323
p390,50000,13373,50000,50000,50000,50000,740,2806,5547,7065,121,1130,15002,18122,1379,8266,612,922,50000,50000,50000,10626,50000,7092,18798,6131,50000
p391,50000,10330,50000,8950,50000,50000,21824,674,15430,31881,845,2148,3820,37968,1978,9902,8889,5832,21399,14558,24020,33131,20957,50000,6366,16662,7333
p392,18499,3259,11664,27092,17608,50000,16145,45,11419,26367,15938,4265,361,27882,4362,6096,3458,758,749,11769,1874,1059,1755,50000,3228,2855,3938
p393,50000,17363,50000,18037,50000,50000,2347,531,13917,27153,50000,277,5274,50000,6468,3601,6844,10146,14003,50000,6493,8806,16959,50000,50000,20845,11252
p394,39927,14643,50000,14130,50000,50000,4112,293,14052,38854,50000,54,915,50000,770,3919,134,1086,27834,4504,50000,208,5993,50000,50000,5667,5184
p395,50000,40900,50000,50000,28984,50000,12124,4,32061,23015,50000,6980,3336,50000,1678,4105,4303,28918,4390,20921,13448,7846,31913,42696,50000,18198,26815
p396,45674,16246,34803,45666,33827,10714,13148,44,22185,26604,30849,902,1715,1731,936,5144,4075,5916,6116,6235,831,7007,545,2675,16933,25949,48
p397,50000,36724,25168,50000,50000,50000,50000,175,23919,35346,106,31061,18642,24456,1222,607,43655,7215,4501,2671,3098,29203,981,32825,50000,17150,144
p398,50000,50000,50000,36864,50000,50000,50000,834,50000,50000,3971,2203,6779,19087,656,1946,9011,50000,35928,50000,38287,50000,11460,8096,50000,50000,2288
p399,33079,23681,50000,1756,7007,1618,36061,2666,50000,50000,36964,546,4200,1665,1141,6044,465,2018,9003,7079,1793,827,848,11270,5471,6997,395
p400,30199,7003,50000,10154,9678,1508,50000,4723,50000,50000,50000,2958,10718,8277,2969,9463,3596,3603,5154,656,1168,2938,3462,50000,3206,9376,91
p401,1792,394,2947,172,622,6,50000,8472,50000,50000,50000,7854,125,254,393,5347,25,745,53,695,323,41,167,23547,1041,7135,4
p402,41703,10002,27624,11326,10131,993,50000,10778,33284,50000,604,77,1815,15063,6428,3764,481,3840,6231,532,156,1040,94,40466,10342,2903,115
p403,16846,9050,50000,3957,6491,1070,7379,59,5236,8916,22,32801,67,1252,10,70,399,45,157,594,1610,3984,21016,6029,965,963,366
p404,5818,1007,13043,6570,39412,1375,14525,327,6251,7564,14162,1250,37,9265,313,4782,192,425,966,1711,1783,11990,275,50000,38645,1329,848
p405,1493,706,1693,183,4906,2351,26576,384,2144,1741,20563,705,123,3930,319,664,301,923,599,1024,424,1242,217,3595,987,320,545
p406,642,12,250,35,15281,23701,432,8987,7449,7593,13413,374,494,194,333,269,351,6144,1350,1005,1109,4345,18165,5666,50000,76,2502
p407,5875,644,6388,1925,6547,2218,295,850,779,1390,838,518,83,616,2913,5469,73,6285,677,37429,381,14,364,79,37182,111,1759
p408,21539,5945,21067,8462,8243,41194,850,23627,4298,5957,3910,1040,7174,145,16058,15167,5464,50000,15239,19695,14803,660,50000,1342,41122,701,10352
p409,17017,4485,25084,23095,9164,50000,6581,8108,50000,50000,22990,17462,100,101,858,11595,277,2603,5396,255,67,6,28,565,434,155,413
p410,16050,23153,26690,35067,23837,50000,50000,9823,50000,50000,50000,1115,3928,6793,8062,14911,18097,17736,42770,5331,4071,116,924,5715,420,6735,6297
p411,50000,35754,50000,14925,41602,28060,50000,55,25434,22499,50000,2378,1012,11037,6698,36804,1500,6998,1889,1571,4779,181,9511,6004,11079,220,829
p412,28749,13328,50000,40845,21312,9876,5075,267,5386,2660,22424,3009,2572,2970,5779,2382,1241,7468,3873,8063,14829,1445,3822,3066,7508,1158,8342
p413,251,38,849,2349,403,28249,13886,3730,10370,17254,2298,2911,484,248,64,131,534,1181,5000,1884,1389,1015,625,5117,4638,2279,206
p414,4424,1981,22556,7183,7039,25063,5749,201,14664,21532,35278,33467,6,17549,7,90,88,126,581,117,7909,627,2538,24383,317,5058,40
p415,9766,5136,22388,27540,13234,29061,2605,46,744,346,21094,11175,503,8793,62,47,40,228,1013,1902,6756,1193,11223,14424,8972,4246,927
p416,1788,7350,50000,1389,7912,8455,408,142,724,907,43400,35,458,7828,668,981,733,1662,621,2286,4654,9784,50000,5003,17777,13188,2177
p417,18496,6367,28902,5930,24189,38133,498,15504,2283,1528,24280,16046,6358,3505,703,1822,24354,1014,32520,20345,14276,5414,50000,3501,50000,1660,15800
p418,6583,2882,50000,11604,16584,50000,13751,1816,16199,15587,31105,1904,5045,23784,10116,11839,13242,9201,50000,7556,50000,4398,8183,41363,50000,9817,4344
p419,3698,1143,9500,1489,8566,8782,3814,1338,3357,1480,817,431,1381,179,4684,2338,3261,9825,6212,13739,1706,110,5615,7292,18844,1079,8235
p420,685,142,10541,923,13953,50000,3813,947,4131,4469,2826,257,397,41,602,1581,235,2241,1552,8696,9243,113,829,3329,50000,478,787
p421,15975,4285,5701,7348,15455,27298,35627,601,32894,19316,50000,391,550,1348,70,1011,27,461,187,2814,2516,124,680,5826,6728,3941,88
p422,11548,19770,11719,11712,9948,34549,32520,5477,25930,28340,33649,82,7662,6369,712,336,698,484,8417,3800,29595,445,5976,6247,4670,15659,2068
p423,29091,5528,9135,12230,8842,711,50000,881,39167,6328,25580,4014,274,1418,481,734,1186,337,861,39,2266,864,178,20214,7969,4454,243
p424,25084,18161,12438,50000,26222,7136,4774,204,10820,8943,50000,2282,1761,26180,976,5071,1697,8100,20878,351,25164,8978,1787,29837,50000,16711,2643
p425,20052,8379,15448,21431,15221,7456,171,96,3132,1461,24700,428,2721,50000,147,748,4556,1461,10895,5446,24871,2305,8988,3859,50000,6192,7026
p426,1995,18610,50000,4537,4859,9644,19531,18,766,20161,50000,2423,1500,26891,3334,15091,6.1,7468,238,16913,44123,144,3650,4987,15491,11983,8529
p427,6726,39474,50000,2781,5394,50000,7551,1656,10234,50000,24752,37404,602,1036,870,2901,606,170,2896,2668,353,3631,62,275,28462,478,90
p428,8.2,683,21,61,8.1,139,1203,7245,782,9997,1560,297,26,1073,53,135,38,29,65,1032,129,927,7.2,1376,582,480,126
p429,1201,861,545,3765,1124,4756,9724,12267,8304,31056,50000,8961,1242,22353,4524,890,934,832,3239,71,19508,6829,690,22614,25924,2964,9191
p430,434,866,1300,496,241,282,170,3349,741,13889,137,3574,181,69,28,27,196,851,1768,1284,96,228,62,3.0,2891,91,639
p431,230,2136,1481,439,232,8955,3348,308,847,50000,4244,629,50000,30060,786,148,101,9543,800,1118,4222,134,1159,272,100,8020,8944
p432,1210,2084,2749,998,734,556,7403,98,743,37037,2952,125,645,23750,1021,787,302,1072,784,51,897,184,27,6131,842,9634,1387
p433,100,801,169,445,75,3404,2033,123,8706,50000,4836,206,254,10284,5233,873,1170,567,1464,44,45,1272,25,985,8133,1576,12
p434,3652,6769,4492,5760,386,39073,1475,3219,80,50000,704,636,12806,27354,1425,15167,18979,25507,4186,4705,2976,4796,1097,543,30312,9790,284
p435,3418,5585,18610,4525,1143,4884,50000,1260,17213,50000,3090,1618,388,34530,616,149,6957,1594,1058,91,450,406,28,845,45,5484,328
p436,655,3281,9785,4405,2907,4567,4927,27174,827,50000,29070,3404,108,953,37,7065,29343,82,544,571,3347,5657,571,6349,1735,65,419
p437,2168,9908,16447,2467,3023,951,1967,5007,701,50000,40323,26,1331,1198,1042,645,481,345,4277,23,1324,1258,1075,3250,8271,441,2345
p438,18248,35211,894,28409,1712,14245,50000,522,6246,50000,50000,445,319,22070,4405,9345,792,1010,616,743,304,8.7,110,4584,50,7552,2390
p439,136,696,292,87,685,2722,28571,11666,68,7886,585,804,282,58,648,8879,11136,788,3194,6042,618,83,362,61,135,977,6290
p440,363,151,430,860,1846,26901,1169,2245,17544,10893,235,1170,2621,765,740,1068,11156,301,1157,4968,116,176,690,811,819,94,50000
p441,164,300,8095,97,50000,50000,5845,721,2198,1640,6684,60,1277,43662,35,985,60,6584,954,3903,4025,2932,12924,127,16211,4219,42689
p442,1249,6649,23622,733,36,32174,20392,661,26250,40000,50000,3338,68,520,550,262,715,23,215,4.3,177,895,8.5,1092,7525,1577,58
p443,176,230,532,515,35,345,7456,2.0,5758,3125,11236,7.4,207,110,743,42,43,98,303,11,67,743,11,5466,9017,109,33
p444,80,747,2582,418,768,21974,2757,97,2812,4878,50000,452,1311,4427,765,56,379,1178,970,268,2293,60,646,8343,79,5853,2520
p445,1757,2186,5693,7174,685,25239,20559,2308,20792,29940,375,406,18728,20987,14257,1724,3073,6567,10098,2609,2071,3542,860,4275,1993,315,11952
p446,45593,50000,17523,16556,44248,2914,50000,832,50000,50000,50000,4896,80,50000,742,1102,870,26399,1377,440,854,5.8,536,2160,30,39104,37
p447,84,1073,6760,87,112,14,749,42,678,628,2156,26,16,1392,8.3,5.8,196,85,55,16,595,275,178,3036,23,1790,35
p448,61,400,2259,30,617,1970,32489,179,29171,19233,13244,761,446,14350,293,437,511,758,491,290,4826,1112,1664,32755,870,8720,422
p449,137,1607,6093,103,511,56,14663,838,785,1495,50000,118,42,643,639,18,320,455,836,340,65,55,124,78,1113,401,41
p450,4883,9158,18072,3882,28902,5521,10412,16,2935,4625,50000,181,508,16362,650,699,1938,2092,1292,3944,5274,105,5371,885,121,15929,1319
p451,28,103,387,45,152,58,4829,8.9,1136,2664,904,9.7,232,11968,3201,1149,36,110,115,1604,621,6.6,28,463,6527,3.9,372
p452,154,77,584,1267,246,2393,5261,399,4078,8489,86,662,5280,13628,11877,5798,359,795,2764,126,258,441,322,3022,50000,1146,474
p453,1416,994,5665,6274,3390,4519,32552,14,6454,9452,565,2684,594,50000,214,3240,614,6940,734,1718,6317,1463,508,38517,3154,5487,246
p454,1649,6510,11610,4068,7937,4665,38580,671,40698,17986,24038,1294,48,32879,30,175,506,29,11949,95,1087,195,144,3161,85,11,188
p455,9113,27829,50000,7112,17483,9351,14132,864,41016,25641,50000,303,1501,24852,2044,12943,2538,1126,20134,1563,3627,5025,1778,18317,8807,1197,7799
p456,71,1151,6165,48,41,21,36603,5074,7073,26455,50000,371,244,101,269,1341,105,150,571,116,299,49,88,107,455,248,227
p457,466,4995,5355,339,2250,1440,15783,5162,77,2811,2661,68,325,1073,134,166,14,77,157,1759,865,9.4,148,768,6017,2104,2408
p458,4561,8201,23184,8651,27624,26525,6870,23,4391,5821,35461,2827,1435,8985,110,379,56,128,1813,738,4844,106,1727,5075,5810,8543,4056
p459,5490,31847,50000,7764,29762,50000,1227,1.0,752,7485,8772,4206,93,19955,279,205,528,63,1054,314,2534,1214,68,13412,1594,644,288
p460,138,38,184,1020,258,10140,4779,15,763,8143,6031,1113,516,11332,724,681,157,2414,251,59,361,14,77,373,66,13164,25
p461,8736,4573,15369,21739,11876,50000,50000,2666,9247,10661,12853,19761,1015,9658,13794,11451,635,14074,1994,600,3125,775,1999,4484,9246,17337,2440
p462,87,857,1157,33,826,2484,9679,151,712,8446,8803,29,13,494,703,976,102,276,219,51,109,172,15,875,4265,26,41
p463,961,1128,4565,2475,2223,5705,41736,62,42000,43860,50000,1440,720,6671,3289,295,58,4189,761,17,2180,1242,875,1104,4084,2105,172
p464,229,936,1294,238,1185,1445,50000,49,751,50000,18182,357,43,401,71,184,31,42,142,52,217,37,9.1,2160,638,24,31
p465,1517,5789,4680,3439,4374,12396,4440,923,594,6757,8251,1702,113,555,60,89,278,8.6,693,141,20,5.3,78,41,186,55,198
p466,1237,16722,28409,5325,23148,27944,50000,13,605,21645,50000,40,1814,11849,1216,1831,855,161,8207,2601,1536,215,1099,628,14465,1198,4117
p467,7498,10322,12673,34538,14317,1057,32787,47,3123,1046,14076,123,51,15248,2428,790,139,784,17,14,2409,759,24,548,8148,9432,330
p468,396,1244,3747,513,3482,3185,41876,4371,7775,50000,25000,1187,3438,33192,15923,16875,3492,4514,5055,1284,28,279,561,3617,104,1190,4389
p469,279,2839,5663,604,570,6340,6075,6829,999,12019,27624,13,364,36580,390,41,417,35,69,249,51,31,75,3091,972,267,1913
p470,6168,7393,9069,13089,30303,50000,17781,259,83,1174,9881,58,4634,18326,1058,4360,4940,836,7785,9563,3158,744,3697,3931,6234,10712,25875
p471,6787,17544,6010,8929,5066,21754,27263,4117,6078,19305,50000,2439,9002,16792,8090,1988,844,2315,7514,5780,1691,148,2644,915,11422,8149,1886
p472,1262,27372,6175,2994,15873,504,2515,14,65,730,1286,174,329,28788,1139,12450,145,376,1187,11360,2858,587,628,15918,1458,10291,419
p473,511,465,512,1495,54,1780,1795,2741,699,7740,4677,1495,4690,50000,966,124,817,5133,1449,10358,6691,807,603,5412,5707,12152,1251
p474,1428,1243,4265,5896,1397,7673,50000,1942,8216,50000,7541,23474,594,50000,4866,253,1747,255,1731,113,2222,5770,16,1490,6984,5604,310
p475,179,759,2429,166,3501,923,1090,220,6556,5348,4102,135,128,22325,5817,337,416,43,576,602,73,267,67,3783,7033,2141,1152
p476,13,28,239,129,588,13861,479,511,69,2159,26,196,426,357,488,177,356,121,1059,3777,110,8.4,83,464,54,1375,1830
p477,65,1016,4505,94,4664,6493,42088,37,5907,17065,6570,222,1089,7796,6055,2363,200,766,8963,420,2108,453,1701,4549,8061,4305,3549
p478,110,606,657,539,55,1322,50000,250,643,34483,1618,11,6.9,24029,113,383,84,69,372,99,143,1598,16,8024,7514,2460,21
p479,585,2694,4678,400,3167,12845,50000,112,7520,50000,50000,250,56,12258,4848,4316,18,429,444,57,251,96,59,5818,11958,271,54
p480,44,116,471,157,73,1063,20921,668,876,41322,4739,41,37,2690,8372,2697,109,1093,221,5.6,188,180,46,1055,6104,245,163
p481,3680,2211,7553,12887,9058,22900,50000,8556,6389,50000,30488,40421,1349,20521,1718,7508,867,19152,6453,1342,9789,3481,2948,9363,302,13747,58
p482,375,220,849,930,321,32404,22085,4497,721,4299,447,7.0,2282,3609,97,550,900,4041,3491,34,2709,342,102,752,211,219,656
p483,1358,7303,6797,2347,9225,3922,8884,9641,12923,27624,5230,539,33,16855,155,114,47,41,223,84,484,6.0,11,44060,981,768,121
p484,2674,1135,2952,19531,25641,31219,3833,3781,883,8306,13193,64,269,6458,416,454,699,1485,780,1306,10109,305,41,3538,3886,1312,7.1
p485,2713,16520,25467,5139,12788,27184,9579,6746,6779,34483,6120,247,266,42286,166,71,535,1666,3824,187,19954,575,73,313,1098,1720,180
p486,495,5164,2948,1320,653,24538,26681,3755,941,13699,2798,5371,127,2692,344,413,37,508,685,2716,617,6.8,7.6,546,566,3305,35
p487,17301,50000,50000,24631,50000,50000,26511,5102,762,9276,81,3787,5058,560,197,3873,1017,286,23673,10193,3550,175,355,193,723,5605,3574
p488,11152,3567,4566,15974,29762,50000,50000,2339,11577,50000,14327,18785,7502,19153,270,5056,3611,19112,16541,8015,29822,5488,5792,81,2087,50000,1219
p489,23885,50000,50000,50000,50000,6404,50000,838,50000,50000,50000,470,2092,9841,650,4320,7651,264,8994,642,28812,2838,1615,4204,22242,9777,9289
p490,238,1321,1675,2610,3536,1458,7740,30,678,16234,14535,8.3,154,12700,18,646,102,7.4,141,68,334,29,260,59,527,58,20
p491,873,582,726,5302,2350,10153,50000,77,6500,50000,27933,712,100,8002,904,938,64,284,459,91,364,5.0,640,162,103,644,16
p492,804,1094,1762,8026,1754,20938,50000,83,85,8741,1684,441,888,15025,979,11444,842,789,5035,510,22895,220,8024,3073,7109,2713,5.0
p493,18703,14382,27624,50000,39370,50000,50000,31,667,19380,50000,13,998,50000,971,1854,3544,3771,25748,5457,37824,606,3091,2852,955,5172,461
p494,480,1075,1411,2120,423,40650,50000,6280,6816,50000,1662,965,4752,6640,5699,1681,240,2151,5912,490,351,21,278,427,2651,4172,567
p495,27,85,46,111,7.4,64,4821,1151,90,1598,1229,299,22,3534,293,524,106,49,139,822,126,643,10,967,1131,639,47
p496,5503,7688,2439,19231,13123,50000,31847,38,635,3173,24876,321,1714,22517,3822,7021,3967,1974,2290,10090,3279,3925,1374,6295,34002,7510,26180
p497,267,661,701,664,5959,11722,2706,54,823,3843,338,342,374,978,55,772,1874,3.4,290,146,301,123,7.9,4217,499,54,165
p498,221,2188,5176,142,5938,23654,11843,298,81,22727,5917,64,2694,9015,2107,1152,7413,46,1611,2380,764,56,310,1643,10196,85,4447
p499,1818,6550,12909,2312,6849,15875,13455,116,4955,50000,5313,9.2,164,36161,1051,3318,692,245,761,428,92,987,20,4381,4838,614,3221
p500,164,728,302,870,8.7,2155,45208,10666,7374,41322,5020,2028,2879,8589,1105,601,373,412,3142,190,434,35,468,265,60,2833,4644
p501,400,1653,1513,971,298,486,8790,515,829,6579,592,644,100,6606,39,113,587,64,126,71,3934,3199,712,9511,482,8819,364
p502,8246,1864,1966,19531,5441,40164,50000,1342,8327,23585,4946,21237,4342,50000,547,4469,3165,1845,8092,12337,10457,1611,9886,6909,750,7201,4980
p503,330,1048,2938,1373,2230,5899,11196,2494,21561,25641,5066,1021,3102,184,402,1433,1058,78,3057,77,152,349,217,40,5795,29,186
p504,314,1369,605,7610,5875,27492,6799,7832,1006,13699,1874,48,15381,2957,3214,475,1721,115,1631,5961,17,361,60,223,26726,34,2425
p505,729,669,400,7634,671,4592,33693,30,590,12690,12019,632,923,3124,505,721,709,2637,982,42,1156,2449,305,35,19420,358,23
p506,1333,5035,503,1115,8772,17128,7082,946,7014,2825,50000,2699,4102,5153,579,334,40,723,2105,1759,7196,61,3397,179,50000,1092,2095
p507,1457,9881,6075,9980,23474,50000,5974,1757,6263,50000,6684,6060,16072,84,557,1749,599,10062,12824,13485,9503,85,8115,3291,8980,3192,5118
p508,3950,22971,16816,8696,1121,9294,50000,3625,8089,50000,650,914,443,724,397,134,995,61,1097,1211,670,46,108,1435,495,274,535
p509,13453,28409,50000,31646,263,11927,26096,386,7397,28090,23148,50000,4961,14784,7806,8696,4784,1994,3009,24497,17528,149,1208,7389,9343,4361,4616
p510,631,5158,4936,823,25907,25516,4537,188,287,1206,14124,598,2268,73,319,306,32,139,587,10657,241,6.0,1391,8.6,340,221,28289
p511,3363,7429,12821,7776,34014,11,9634,23,1752,2216,50000,1089,144,106,174,4309,555,16,50000,133,889,83,58,376,3991,40,26
p512,257,332,155,1186,9747,1622,8194,193,12907,13055,2682,28,42,1771,28,33,17,88,80,70,169,191,18,445,36,560,100
p513,106,47,168,2188,4010,8998,2697,25,2168,1468,1036,268,80,128,26,634,48,180,68,830,167,655,546,36,124,2145,263
p514,161,1182,1159,799,49,1071,554,288,1159,547,692,519,98,1925,508,19,9.9,41,37,19,11,358,13,161,454,1277,124
p515,3599,9294,11372,9560,6536,9.0,1238,15,1353,1487,5423,28,49,6218,11,114,136,14,125,21,586,96,365,1418,3.1,1322,93
p516,41322,50000,27726,50000,50000,34128,50000,5421,50000,43860,3141,26248,50000,50000,6418,50000,5761,16789,50000,22778,25712,50000,32224,4354,7887,14694,36944
p517,25554,50000,50000,22422,50000,515,23652,11,2332,4425,1682,7.1,12,50000,13,670,188,274,17,34,11538,4157,457,17667,874,11460,180
p518,4464,28791,31712,24631,50000,21508,550,136,2173,972,3189,517,578,261,148,1078,1918,134,691,2726,10155,392,9374,67,14303,3943,2077
p519,2918,3024,2202,5599,22,5101,3823,1208,18453,14493,601,100,2880,3446,1456,3380,6639,292,1462,2.0,1030,1227,184,349,7862,767,1361
p520,180,714,1764,700,206,8171,3922,1387,3263,1769,573,1494,660,80,346,1241,17,105,319,63,16,17,96,7.5,11653,19,12
p521,2193,22866,50000,7407,11038,232,1870,1521,10463,17544,1884,885,6652,70,630,389,336,81,9755,115,1112,541,1600,141,19857,280,47
p522,2685,23112,24470,2035,335,667,23191,19069,50000,17606,3867,47,1471,1040,2159,874,237,709,1995,193,1.4,9.4,28,553,363,470,1514
p523,11952,31579,42857,14620,2313,23924,50000,1380,50000,18315,24631,1783,908,10046,191,525,262,1211,2291,958,459,589,1155,12455,8466,4599,1636
p524,6944,10877,26362,7215,1905,18332,32595,50000,24619,19685,50000,553,4511,30313,38802,7067,12466,19454,1326,2208,4305,9656,1990,50000,16232,17257,26775
p525,191,1480,7599,340,1008,5921,2931,245,6522,1311,8803,908,80,21958,821,73,611,673,277,62,572,3093,47,1248,6950,9955,161
p526,50000,41096,50000,50000,33113,50000,50000,49,50000,32895,50000,50000,10611,50000,50000,1772,10581,50000,683,5410,31841,50000,6188,50000,34009,43034,18872
p527,24272,8460,28249,50000,25907,50000,50000,50,7143,14881,50000,23570,8052,50000,565,20118,618,17075,645,1224,9318,50000,6812,50000,2433,50000,25482
p528,13345,17442,50000,24510,13774,434,16150,18,1203,4822,31646,50000,81,6147,341,8927,1017,1350,78,24397,22875,2595,335,275,6349,724,5224
p529,13587,21898,50000,50000,50000,34533,25381,2617,10209,11737,9579,50000,7068,354,177,25607,9613,496,5137,50000,35126,4563,4627,267,589,11243,118
p530,2491,1509,11038,5353,22222,15248,11542,659,46053,12407,1370,189,6259,485,5935,921,638,94,717,22,6038,645,65,103,5838,40335,147
p531,17647,35629,50000,50000,50000,50000,11710,37,460,572,681,113,3790,10091,1089,17562,7267,5857,558,1197,6951,384,3898,777,1451,34222,27940
p532,1702,3365,10730,6361,8319,15871,11211,2313,6881,5945,17182,3973,5564,26971,8719,9015,6747,7108,3284,1371,904,11111,3592,6723,16529,386,2947
p533,60,60,479,228,55,404,3337,40,3588,3096,11848,993,22,7619,156,21,318,100,131,117,4051,5144,8.3,3125,2703,60,15
p534,2791,2757,26178,8432,95,8876,23719,3418,11117,14749,50000,63,359,50000,92,90,3397,1825,295,2849,4670,50000,681,31174,31954,2155,428
p535,7920,7557,50000,42017,935,27408,50000,64,21021,28090,50000,16,633,50000,2116,3322,8473,16885,667,39,31753,50000,3048,46019,50000,4783,60
p536,20188,22590,50000,34247,17241,39067,50000,5950,50000,50000,50000,57,7830,50000,11563,6487,14065,50000,18526,3500,50000,5394,9839,15278,9614,8966,5177
p537,50000,50000,50000,50000,17361,50000,50000,209,24911,21459,50000,94,12804,50000,14189,14198,30256,2536,50000,10048,50000,19951,12755,50000,50000,7703,12410
p538,22659,32823,50000,12107,50000,50000,41459,577,8.9,201,50000,5858,16635,50000,32606,50000,50000,32502,23848,50000,29833,34355,37657,50000,22925,25543,50000
p539,29412,30992,50000,50000,29940,37423,608,292,7.2,282,37879,5577,50000,50000,27487,22954,11237,50000,50000,12548,50000,50000,14800,50000,14878,24944,32824
p540,37406,27829,50000,50000,50000,50000,18262,532,684,1814,7289,760,23197,5931,30,530,3403,3857,3677,977,50000,272,7163,44,1574,5734,40268
p541,1786,1237,7568,4845,150,1615,29551,6015,5749,8446,15576,8173,807,3774,1513,598,299,1275,294,475,1990,225,56,971,5564,4003,199
p542,5403,1868,8818,30488,50000,50000,34722,126,656,2340,872,131,538,50000,209,8437,2821,509,887,3272,50000,4252,3274,825,129,13201,5698
p543,182,950,5059,162,11574,1613,1292,54,62,447,348,96,145,4931,494,201,410,344,450,87,366,675,1426,924,357,364,4595
p544,1331,1448,8767,2926,522,245,1327,8760,78,1922,8696,7201,104,54,32,579,153,26,144,203,13,3.5,3.8,11,6.8,5.8,3.0
p545,193,139,54,1321,377,1896,4602,10941,7524,5568,512,86,396,866,698,1092,749,239,120,3766,53,41,17,91,460,63,189
p546,2334,1703,6508,9242,737,15208,50000,397,7524,50000,36232,10830,946,4686,503,8389,469,2239,281,310,3748,728,444,107,1412,1059,360
p547,56,2920,9696,98,564,33135,304,31,61,180,879,577,4777,637,138,86,72,10982,3302,327,7130,144,500,521,22849,28,103
p548,185,3841,8324,138,1302,42374,12887,8120,782,26596,9823,9885,16281,388,1048,4306,2220,1097,6948,5832,5805,627,2927,13675,5595,545,8520
p549,2466,16892,32823,4638,6402,7521,23430,12887,735,24876,22321,6679,50000,6108,31206,3045,8377,6376,14961,27301,50000,12969,6224,27853,50000,1061,16961
p550,3544,10497,26978,8104,2116,4422,3404,927,7085,29240,12531,578,1309,28064,5104,2696,185,388,4341,6858,93,6.3,507,36891,1147,6650,10431
p551,146,4435,17710,194,378,112,2340,38,108,732,1476,125,231,342,45,499,185,16,161,771,458,4.6,762,45,81,37,647
p552,7878,17544,16009,11710,50000,24290,6152,8.7,217,710,50000,742,6657,50000,7175,2849,2062,5541,598,12657,20616,5134,12574,50000,29025,7934,34649
p553,819,2368,1474,2717,126,5079,497,193,2780,3726,16181,9474,17,393,51,43,50000,57,70,48,36,4.4,2.9,12,3.3,9213,5.1
p554,35,3.4,14,760,469,8417,10794,15,1067,706,7123,190,1283,31814,994,587,133,187,553,2880,2859,211,274,442,355,50000,431
p555,186,131,703,2729,704,9360,3442,517,562,467,1666,1487,913,10884,10975,145,237,704,2901,37,44,707,68,1610,1348,398,1811
p556,7591,594,4202,21459,32895,30576,1200,7.5,1193,1151,50000,607,1911,50000,6313,5555,480,702,1078,7340,15548,1762,2751,13115,27,8173,4636
p557,37975,6545,3648,50000,27933,30323,37092,682,29371,22321,9107,11632,30902,50000,206,3887,3066,50000,20772,3939,26711,25098,2844,248,94,25676,26932
p558,24917,50000,50000,9381,23474,147,7375,8.3,7718,1265,50000,679,24,22652,45,281,1071,21,7723,464,4729,410,1643,29187,1104,3781,43
p559,64,196,430,466,790,3815,50000,638,50000,41667,1375,775,124,857,251,135,42136,40,40,11,103,3.5,4.2,50000,316,5974,655
p560,354,10309,16251,201,257,589,7432,35,1444,869,278,19,416,830,89,94,294,25,146,21,1353,342,67,108,1112,1018,103
p561,1892,13761,24958,6369,106,8061,22361,4195,50000,31250,10395,2319,6745,13473,512,1062,8971,1519,4362,2190,2326,1961,385,5943,32259,21117,2713
p562,154,10121,10949,393,157,97,5803,3673,50000,8726,10799,44,148,1621,530,1484,608,117,155,140,18,2.4,14,1518,21,74,363
p563,287,6132,4025,720,1371,3336,50000,6231,50000,34483,21552,389,244,9392,255,286,5698,476,136,75,1665,7820,51,50000,24732,1164,215
p564,3658,4967,15480,11521,2992,13966,3159,137,15011,2796,875,628,5343,3095,961,8191,173,2592,778,1422,1074,57,485,9.2,526,7767,279
p565,2402,28037,50000,2576,52,3377,50000,1795,50000,5855,8432,639,34,50000,983,382,1927,683,1890,9.2,60,902,116,263,834,8818,2598
p566,37406,17143,29586,14124,50000,50000,50000,70,14085,23697,50000,50000,10163,50000,24726,30274,33727,50000,22637,4431,50000,30568,11923,50000,50000,50000,4884
p567,50000,50000,50000,37594,50000,50000,8122,9.3,5180,9294,50000,1990,1675,50000,734,50000,50000,50000,2932,97,50000,26974,4748,50000,3012,50000,5205
p568,24834,50000,50000,6849,50000,1335,4245,25,1925,9823,50000,7327,13106,246,35737,14575,5493,609,50000,979,27294,4299,2855,10474,50000,5651,429
p569,2802,32189,50000,1939,5081,1502,17349,2483,50000,50000,1329,39024,453,63,2458,6471,1097,829,6036,4.0,198,27,90,36,127,7629,39
p570,2681,683,3544,13587,8772,31735,2507,10,323,799,681,9.1,1004,1158,1952,4727,2628,1885,1002,694,3422,587,626,856,1566,20766,1635
p571,11442,50000,34642,24631,50000,50000,34626,1103,8461,8681,41322,5032,15934,9571,6056,50000,9189,4686,34849,2728,3532,1437,5107,7851,8163,1526,24343
p572,345,9810,13251,909,1956,3358,24851,135,19444,9174,50000,759,72,50000,68,603,108,421,50,33,582,607,1096,89,2864,3074,119
p573,2420,4904,4776,8636,4270,26354,6280,589,24194,12019,4941,265,75,23483,56,438,308,287,121,24,2097,427,250,2925,18316,13217,2032
p574,6881,5859,23548,33557,16181,50000,50000,1305,50000,50000,50000,7284,1033,21356,4467,17391,3936,9280,2455,1977,37073,9912,4171,11572,50000,22980,770
p575,7760,6421,30864,22124,36232,50000,4638,1796,4722,5855,8818,815,259,1649,614,1232,70,708,10,1118,619,4.2,41,60,77,23961,218
p576,16484,16930,11981,50000,50000,50000,25988,96,50000,33113,50000,5255,3462,18360,24284,29620,3548,12562,300,11479,5260,26,1165,721,207,29559,18864
p577,50000,50000,50000,50000,50000,50000,17618,494,463,314,50000,7125,18965,50000,36493,50000,6027,50000,17486,26719,50000,775,12176,21532,16551,50000,25943
p578,50000,50000,50000,50000,50000,50000,1266,45,472,328,50000,1139,36233,50000,50000,26569,10955,50000,14473,36459,50000,1462,50000,50000,19573,50000,33660
p579,904,8170,21866,3797,752,50000,33069,145,25704,9141,50000,60,35566,7507,451,8205,4089,4402,28330,655,2914,668,2898,3059,5450,4965,23070
p580,570,351,1260,5889,1203,1367,1995,1244,3485,4500,83,11452,81,32440,446,432,14,3310,142,275,218,13756,9.3,90,4738,4.1,21
p581,3306,4303,11169,7331,32051,674,13103,12,2429,2872,12594,50,39,50000,124,640,50000,734,208,591,7723,59,389,785,131,303,830
p582,38,4715,3111,164,980,3680,3405,28,1722,631,665,299,1676,7318,1643,1071,713,98,1089,751,33,444,1094,663,6861,615,18145
p583,8961,21097,33632,17422,50000,50000,50000,350,50000,50000,30675,3193,1288,42043,10397,23640,6184,5703,2653,8898,6749,5946,4314,34115,31449,3406,4798
p584,7092,8479,36855,5945,23148,50000,13912,5502,50000,4227,5974,1350,14779,26789,27081,6529,18535,7120,36099,24038,28784,4946,10259,19735,34503,7201,26230
p585,50000,50000,50000,50000,50000,50000,8741,7844,31915,50000,24038,16320,50000,50000,50000,2306,27489,50000,15463,50000,50000,50000,25908,50000,50000,22172,50000
p586,31780,50000,50000,14706,50000,33016,50000,148,50000,50000,33113,43943,31975,50000,20586,25212,4909,5200,17120,15039,7667,12266,12610,7935,30885,50000,40699
p587,30060,22455,50000,30864,33557,50000,10292,2290,8757,4888,11737,3358,11955,26500,13860,10675,35494,21439,12315,28030,29401,7371,5926,33038,50000,1955,50000
p588,4651,838,762,9785,24752,50000,50000,4756,50000,50000,29940,36154,29857,34992,12852,50000,13606,25026,16083,25060,13291,27250,12343,4292,16365,14055,3433
p589,2745,2282,7079,9208,147,214,30941,1224,7107,6784,21097,323,5707,2189,1382,9470,5564,1470,720,1562,120,366,463,87,14149,892,4414
p590,3862,6173,50000,23148,3621,8343,720,325,6130,1948,1502,346,10908,862,827,282,166,39,4235,41,937,240,2112,9.3,2558,1050,1191
p591,5924,27223,50000,13699,12563,10054,1144,1617,11094,21552,9042,17576,4389,2215,3062,9699,2691,891,4672,141,855,1116,12097,18,1432,6045,5096
p592,192,7342,4724,212,3098,10582,20276,453,14141,6443,5848,79,1406,10165,148,735,53,3144,553,58,3139,12,347,536,991,1012,2173
p593,1541,1699,338,10707,7716,50000,18315,36,13540,8547,11933,3475,50,20514,62,1178,339,24365,83,23,30,1573,453,39,238,9970,54
p594,414,68,115,5848,5.1,499,11452,999,975,5382,4892,4429,3833,3920,36,103,358,4.4,544,3039,196,276,231,1134,325,507,10487
p595,8934,3096,5566,16811,9531,21145,22687,517,1003,8692,12326,435,695,10171,115,516,50,197,684,350,23931,757,3458,282,1539,4855,30606
p596,50000,18204,20833,50000,4854,50000,50000,25,8077,11086,50000,4676,9161,50000,8671,14540,642,2086,5182,6634,50000,17,16019,10474,3435,6503,50000
p597,970,1457,7386,2653,4690,707,5519,4.0,77,929,2720,9.3,224,8428,250,527,307,164,457,710,1745,5.0,1674,412,45,5452,3892
p598,1762,8418,20804,5708,8319,4278,4516,9.4,997,7062,17986,623,609,28842,145,78,278,57,147,587,44,34,360,1423,191,5919,1213
p599,9482,4789,11355,26455,9615,26005,10846,742,688,6667,232,9455,3019,1501,94,65,154,20,573,3138,104,5.4,266,892,106,1687,7460
p600,5102,50000,11538,18248,50000,35754,13866,3.2,678,13089,50000,308,1520,19676,218,3799,1107,170,599,2092,6297,561,4546,50000,1845,3227,32391
p601,3002,10616,22831,10460,21739,50000,16005,256,5523,4936,42017,538,320,4269,47,231,1694,23,316,4011,768,130,738,977,1903,921,24128
p602,300,257,1063,3027,633,6555,37313,1346,54,5102,5800,7284,2963,388,976,1912,624,796,1506,28,6367,3563,947,6418,7819,1849,312
p603,457,2307,4455,2346,8651,493,5881,494,699,1875,17065,5108,128,9613,122,161,35,3904,37,13,5707,2962,1394,6395,2385,474,182
p604,785,639,669,8562,3885,12034,5164,1728,735,5599,10000,973,435,50000,226,251,477,39,242,562,102,43,394,3241,3157,156,11084
p605,690,1673,3667,6329,9579,50000,12142,508,68,3195,3411,869,555,27103,2721,507,192,99,503,4780,167,9140,1846,2128,1449,690,27059
p606,1284,6044,31185,2752,3289,50000,294,1464,8.1,1750,2440,630,5395,6306,1074,1698,2148,751,582,11928,1667,3575,4186,39027,50000,1011,50000
p607,5027,9628,50000,16129,6289,50000,12456,18077,611,23148,24390,9455,21801,33870,5608,18777,4500,4132,3218,18459,9871,8385,33428,50000,50000,952,50000
p608,418,1256,3346,660,17,20098,2034,335,153,1701,1259,41,1293,2453,964,378,811,1738,1975,808,1170,89,245,1229,1030,2107,4489
p609,100,665,2792,201,51,1254,2840,1328,105,3600,5313,329,1420,123,237,608,43906,161,3486,333,1017,13,133,36,7886,513,3357
p610,116,27,106,4638,39,50000,4061,7463,613,3723,4032,4917,3218,8963,11098,689,596,4266,1628,4316,400,734,154,838,24696,7443,50000
p611,32,25,95,401,78,1465,2107,250,70,601,623,211,407,5118,3645,770,536,837,513,18582,2869,3679,95,224,12402,8038,21067
p612,12,92,247,20,36,555,598,14172,102,730,767,189,6117,39,3746,540,1369,130,4304,46087,1117,3247,159,4.9,918,3157,50000
p613,35,34,1526,73,78,50000,5043,30866,93,576,1903,3028,843,2296,2874,22,5320,8.0,2087,218,68,2565,12,1223,1177,33,71
p614,72,1264,447,95,1595,2140,50000,501,7584,36765,40323,31,1103,574,842,1229,1565,355,657,11,1702,1308,174,1309,5263,3.6,48
p615,963,6027,1861,2637,4216,9135,27533,538,16706,21186,2987,21,2701,6623,5933,5894,8044,725,2151,78,4160,21949,4469,20860,37161,204,1000
p616,66,390,972,1432,1299,4427,1155,278,610,7541,6158,3784,34,21490,596,1045,42,1090,82,601,1948,2927,45,138,2676,1661,576
p617,644,3886,5760,826,4960,2757,936,161,7.4,822,3043,23,128,19166,120,239,56,215,559,1484,95,2.3,769,3708,7660,104,9542
p618,8.0,4.0,11,82,8.6,10,545,722,61,1033,231,176,8.4,6572,57,42,34,177,23,23,34,98,10,309,303,276,42
p619,3.6,3.5,20,21,28,1000,3944,3914,62,646,556,396,504,3931,580,75,324,3885,230,690,2610,724,311,1090,11022,2426,2107
p620,222,451,2908,828,303,2859,27563,23697,88,3218,2511,2835,961,21109,11512,1337,2256,2944,4225,1054,615,2313,1081,10500,50000,5339,27727
p621,776,532,7079,2772,392,769,8162,131,667,12346,50000,2837,916,18353,15495,918,849,4203,1390,12,844,1500,273,50000,23439,24,34
p622,322,654,570,823,584,5823,721,775,60,630,1770,39,2598,1166,1913,203,282,999,432,11363,355,9.3,669,1552,85,187,50000
p623,188,2011,4735,336,499,10116,13207,26427,713,9311,7092,50,2326,2253,1080,273,333,686,837,59,131,206,16,2994,5981,1022,39996
p624,11,42,105,14,197,4285,979,172,7.1,220,474,19,22,5508,1351,20,55,1259,37,465,1212,2061,25,5026,10714,2468,210
p625,585,4358,4317,1035,916,382,9885,6147,657,6916,23364,49,1149,50000,1812,689,2420,590,541,956,3649,2929,897,5030,22336,42,4003
p626,212,1026,2809,62,1182,5045,8224,7857,687,19011,7194,3049,8651,4670,6540,854,23236,630,7412,3757,244,63,1567,3841,785,13,149
p627,1045,484,2773,3994,5423,7195,648,238,662,1759,1986,24251,35,22653,951,269,45,8515,65,2798,6940,1572,33,122,435,1488,529
p628,1650,1614,3926,3189,1193,602,9976,714,77,5869,8913,48,11,2929,690,111,79,115,88,5110,35,2.5,55,8343,599,138,200
p629,8834,7239,18182,9381,2383,2525,22143,6874,50000,34247,50000,59,111,16864,4013,7492,1252,917,275,54,678,31,472,38738,32010,101,1859
p630,4828,4098,6130,24038,2621,330,498,1137,6.8,628,81,43,102,2050,12,18,173,299,23,193,165,36,140,1013,5770,3.5,927
p631,22,123,315,12,322,1962,5435,3770,716,23810,3094,143,1026,2674,384,479,623,221,2184,931,287,31,210,3240,815,9.8,200
p632,1161,5276,10431,2194,9506,12516,15461,39683,652,6676,18519,3975,6391,8403,1926,1865,3645,6190,9224,15958,5495,981,11155,18910,50000,311,17854
p633,240,264,4257,2129,3333,16350,99,95,6.4,370,25,757,475,298,197,48,556,734,594,26204,806,1253,8559,6397,50000,1022,27885
p634,122,98,640,747,4.3,1468,847,4505,632,22321,3441,1456,5999,111,851,1599,2163,1148,3945,5434,1395,1019,1782,839,34589,518,9480
p635,374,317,1656,3978,364,2350,3890,103,66,2099,7680,48,1677,5618,211,126,900,210,635,8012,92,2247,658,27645,31538,242,39
p636,1839,6702,12712,7716,9980,19231,23832,21949,34258,29070,50000,2708,350,1161,9883,6226,128,4474,1118,46,237,99,722,5962,13576,669,25738
